資産コード,枝番,異動区分,異動区分名,資産ステータス,資産ステータス名,資産名,資産カナ名,取得日,事業供用開始日,移行日,取得価額,税区分ID,税区分名,税額,税額（手入力）,取得価額（税込額）,取得方法区分,取得方法区分名,資産科目コード,資産科目名,部門コード,部門名,設置場所コード,設置場所,申告先コード,申告先名,数量,単位,購入先名,事前申請リンク,償却方法_1,償却方法名_1,耐用年数_1,償却率_1,保証率_1,保証額_1,改定償却率_1,備忘価額_1,改定取得価額_1,期首簿価_1,移行時の帳簿価額_1,償却済月数_1,総償却月数_1,残存価額_1,当月償却費_1,当月末簿価_1,減価償却累計額_1,減損損失額_1,減損累計額_1,償却方法_2,償却方法名_2,耐用年数_2,償却率_2,保証率_2,保証額_2,改定償却率_2,備忘価額_2,改定取得価額_2,期首簿価_2,移行時の帳簿価額_2,償却済月数_2,総償却月数_2,残存価額_2,当月償却費_2,当月末簿価_2,減価償却累計額_2,減損損失額_2,減損累計額_2,償却方法_3,償却方法名_3,耐用年数_3,償却率_3,保証率_3,保証額_3,改定償却率_3,備忘価額_3,改定取得価額_3,期首簿価_3,移行時の帳簿価額_3,償却済月数_3,総償却月数_3,残存価額_3,当月償却費_3,当月末簿価_3,減価償却累計額_3,減損損失額_3,減損累計額_3,資産種類（償却資産税）,資産種類名（償却資産税）,特例対象フラグ,特例（分子）,特例（分母）,摘要（償却資産税）,資産種類（法人税）,資産種類名（法人税）,構造,細目,タグ,メモ,事由コード,事由名,除却日,処分費用,処分費用税区分ID,処分費用税区分名,処分費用（税額）,処分費用（税額手入力）,処分費用（税込額）,処分費用支払先,売却日,売却額,売却額税区分ID,売却額税区分名,売却額（税額）,売却額（税額手入力）,売却額（税込額）,売却先,リンク（異動時）,有効期間（From）,有効期間（To）,登録日,登録ユーザー名
46,1,20,事業供用開始,20,事業供用中（償却中）,start_usage1,パソコン,2018/01/01,,,500000,99,対象外,0,,500000,1,新品,SSKM0001,科目0001,,,STBS0001,設置場所0001,SKS0001,申告先0001,1,台,,,11,定額法,5,0.2,,,,1,0,1,,0,0,0,0,1,499999,0,0,22,定率法（200%）,5,0.4,0.108,,0.5,1,0,1,,0,0,0,0,1,0,0,0,0,,0,,,,,0,0,0,,0,0,0,0,0,0,0,0,6,工具、器具及び備品,false,0,0,,17,器具及び備品,,,,2018年度新入社員用です,,,,,,,,,,,,,,,,,,,,2018/01/01,,2023/02/15 22:19:34,Lily test14
47,1,20,事業供用開始,20,事業供用中（償却中）,start_usage2,パソコン,2018/01/01,,,500000,99,対象外,0,,500000,1,新品,SSKM0001,科目0001,,,STBS0001,設置場所0001,SKS0001,申告先0001,1,台,,,11,定額法,5,0.2,,,,1,0,1,,0,0,0,0,1,499999,0,0,22,定率法（200%）,5,0.4,0.108,,0.5,1,0,1,,0,0,0,0,1,0,0,0,0,,0,,,,,0,0,0,,0,0,0,0,0,0,0,0,6,工具、器具及び備品,false,0,0,,17,器具及び備品,,,,2018年度新入社員用です,,,,,,,,,,,,,,,,,,,,2018/01/01,,2023/02/15 22:19:31,Lily test14
48,1,20,事業供用開始,20,事業供用中（償却中）,start_usage3,パソコン,2018/01/01,,,500000,99,対象外,0,,500000,1,新品,SSKM0001,科目0001,,,STBS0001,設置場所0001,SKS0001,申告先0001,1,台,,,11,定額法,5,0.2,,,,1,0,1,,0,0,0,0,1,499999,0,0,22,定率法（200%）,5,0.4,0.108,,0.5,1,0,1,,0,0,0,0,1,0,0,0,0,,0,,,,,0,0,0,,0,0,0,0,0,0,0,0,6,工具、器具及び備品,false,0,0,,17,器具及び備品,,,,2018年度新入社員用です,,,,,,,,,,,,,,,,,,,,2018/01/01,,2023/02/15 22:19:29,Lily test14
49,1,20,事業供用開始,20,事業供用中（償却中）,start_usage4,パソコン,2018/01/01,,,500000,99,対象外,0,,500000,1,新品,SSKM0001,科目0001,,,STBS0001,設置場所0001,SKS0001,申告先0001,1,台,,,11,定額法,5,0.2,,,,1,0,1,,0,0,0,0,1,499999,0,0,22,定率法（200%）,5,0.4,0.108,,0.5,1,0,1,,0,0,0,0,1,0,0,0,0,,0,,,,,0,0,0,,0,0,0,0,0,0,0,0,6,工具、器具及び備品,false,0,0,,17,器具及び備品,,,,2018年度新入社員用です,,,,,,,,,,,,,,,,,,,,2018/01/01,,2023/02/15 22:19:26,Lily test14
50,1,20,事業供用開始,20,事業供用中（償却中）,start_usage5,パソコン,2018/01/01,,,500000,99,対象外,0,,500000,1,新品,SSKM0001,科目0001,,,STBS0001,設置場所0001,SKS0001,申告先0001,1,台,,,11,定額法,5,0.2,,,,1,0,1,,0,0,0,0,1,499999,0,0,22,定率法（200%）,5,0.4,0.108,,0.5,1,0,1,,0,0,0,0,1,0,0,0,0,,0,,,,,0,0,0,,0,0,0,0,0,0,0,0,6,工具、器具及び備品,false,0,0,,17,器具及び備品,,,,2018年度新入社員用です,,,,,,,,,,,,,,,,,,,,2018/01/01,,2023/02/15 22:19:24,Lily test14
51,1,20,事業供用開始,20,事業供用中（償却中）,start_usage6,パソコン,2018/01/01,,,500000,99,対象外,0,,500000,1,新品,SSKM0001,科目0001,,,STBS0001,設置場所0001,SKS0001,申告先0001,1,台,,,11,定額法,5,0.2,,,,1,0,1,,0,0,0,0,1,499999,0,0,22,定率法（200%）,5,0.4,0.108,,0.5,1,0,1,,0,0,0,0,1,0,0,0,0,,0,,,,,0,0,0,,0,0,0,0,0,0,0,0,6,工具、器具及び備品,false,0,0,,17,器具及び備品,,,,2018年度新入社員用です,,,,,,,,,,,,,,,,,,,,2018/01/01,,2023/02/15 22:19:21,Lily test14
52,1,20,事業供用開始,20,事業供用中（償却中）,start_usage7,パソコン,2018/01/01,,,500000,99,対象外,0,,500000,1,新品,SSKM0001,科目0001,,,STBS0001,設置場所0001,SKS0001,申告先0001,1,台,,,11,定額法,5,0.2,,,,1,0,1,,0,0,0,0,1,499999,0,0,22,定率法（200%）,5,0.4,0.108,,0.5,1,0,1,,0,0,0,0,1,0,0,0,0,,0,,,,,0,0,0,,0,0,0,0,0,0,0,0,6,工具、器具及び備品,false,0,0,,17,器具及び備品,,,,2018年度新入社員用です,,,,,,,,,,,,,,,,,,,,2018/01/01,,2023/02/15 22:19:18,Lily test14
53,1,20,事業供用開始,20,事業供用中（償却中）,start_usage8,パソコン,2018/01/01,,,500000,99,対象外,0,,500000,1,新品,SSKM0001,科目0001,,,STBS0001,設置場所0001,SKS0001,申告先0001,1,台,,,11,定額法,5,0.2,,,,1,0,1,,0,0,0,0,1,499999,0,0,22,定率法（200%）,5,0.4,0.108,,0.5,1,0,1,,0,0,0,0,1,0,0,0,0,,0,,,,,0,0,0,,0,0,0,0,0,0,0,0,6,工具、器具及び備品,false,0,0,,17,器具及び備品,,,,2018年度新入社員用です,,,,,,,,,,,,,,,,,,,,2018/01/01,,2023/02/15 22:19:16,Lily test14
54,1,20,事業供用開始,20,事業供用中（償却中）,start_usage9,パソコン,2018/01/01,,,500000,99,対象外,0,,500000,1,新品,SSKM0001,科目0001,,,STBS0001,設置場所0001,SKS0001,申告先0001,1,台,,,11,定額法,5,0.2,,,,1,0,1,,0,0,0,0,1,499999,0,0,22,定率法（200%）,5,0.4,0.108,,0.5,1,0,1,,0,0,0,0,1,0,0,0,0,,0,,,,,0,0,0,,0,0,0,0,0,0,0,0,6,工具、器具及び備品,false,0,0,,17,器具及び備品,,,,2018年度新入社員用です,,,,,,,,,,,,,,,,,,,,2018/01/01,,2023/02/15 22:19:13,Lily test14
55,1,20,事業供用開始,20,事業供用中（償却中）,start_usage10,パソコン,2018/01/01,,,500000,99,対象外,0,,500000,1,新品,SSKM0001,科目0001,,,STBS0001,設置場所0001,SKS0001,申告先0001,1,台,,,11,定額法,5,0.2,,,,1,0,1,,0,0,0,0,1,499999,0,0,22,定率法（200%）,5,0.4,0.108,,0.5,1,0,1,,0,0,0,0,1,0,0,0,0,,0,,,,,0,0,0,,0,0,0,0,0,0,0,0,6,工具、器具及び備品,false,0,0,,17,器具及び備品,,,,2018年度新入社員用です,,,,,,,,,,,,,,,,,,,,2018/01/01,,2023/02/15 22:19:11,Lily test14
56,1,20,事業供用開始,20,事業供用中（償却中）,start_usage11,パソコン,2018/01/01,,,500000,99,対象外,0,,500000,1,新品,SSKM0001,科目0001,,,STBS0001,設置場所0001,SKS0001,申告先0001,1,台,,,11,定額法,5,0.2,,,,1,0,1,,0,0,0,0,1,499999,0,0,22,定率法（200%）,5,0.4,0.108,,0.5,1,0,1,,0,0,0,0,1,0,0,0,0,,0,,,,,0,0,0,,0,0,0,0,0,0,0,0,6,工具、器具及び備品,false,0,0,,17,器具及び備品,,,,2018年度新入社員用です,,,,,,,,,,,,,,,,,,,,2018/01/01,,2023/02/15 22:19:08,Lily test14
57,1,20,事業供用開始,20,事業供用中（償却中）,start_usage12,パソコン,2018/01/01,,,500000,99,対象外,0,,500000,1,新品,SSKM0001,科目0001,,,STBS0001,設置場所0001,SKS0001,申告先0001,1,台,,,11,定額法,5,0.2,,,,1,0,1,,0,0,0,0,1,499999,0,0,22,定率法（200%）,5,0.4,0.108,,0.5,1,0,1,,0,0,0,0,1,0,0,0,0,,0,,,,,0,0,0,,0,0,0,0,0,0,0,0,6,工具、器具及び備品,false,0,0,,17,器具及び備品,,,,2018年度新入社員用です,,,,,,,,,,,,,,,,,,,,2018/01/01,,2023/02/15 22:19:06,Lily test14
58,1,20,事業供用開始,20,事業供用中（償却中）,start_usage13,パソコン,2018/01/01,,,500000,99,対象外,0,,500000,1,新品,SSKM0001,科目0001,,,STBS0001,設置場所0001,SKS0001,申告先0001,1,台,,,11,定額法,5,0.2,,,,1,0,1,,0,0,0,0,1,499999,0,0,22,定率法（200%）,5,0.4,0.108,,0.5,1,0,1,,0,0,0,0,1,0,0,0,0,,0,,,,,0,0,0,,0,0,0,0,0,0,0,0,6,工具、器具及び備品,false,0,0,,17,器具及び備品,,,,2018年度新入社員用です,,,,,,,,,,,,,,,,,,,,2018/01/01,,2023/02/15 22:19:04,Lily test14
59,1,20,事業供用開始,20,事業供用中（償却中）,start_usage14,パソコン,2018/01/01,,,500000,99,対象外,0,,500000,1,新品,SSKM0001,科目0001,,,STBS0001,設置場所0001,SKS0001,申告先0001,1,台,,,11,定額法,5,0.2,,,,1,0,1,,0,0,0,0,1,499999,0,0,22,定率法（200%）,5,0.4,0.108,,0.5,1,0,1,,0,0,0,0,1,0,0,0,0,,0,,,,,0,0,0,,0,0,0,0,0,0,0,0,6,工具、器具及び備品,false,0,0,,17,器具及び備品,,,,2018年度新入社員用です,,,,,,,,,,,,,,,,,,,,2018/01/01,,2023/02/15 22:19:02,Lily test14
60,1,20,事業供用開始,20,事業供用中（償却中）,start_usage15,パソコン,2018/01/01,,,500000,99,対象外,0,,500000,1,新品,SSKM0001,科目0001,,,STBS0001,設置場所0001,SKS0001,申告先0001,1,台,,,11,定額法,5,0.2,,,,1,0,1,,0,0,0,0,1,499999,0,0,22,定率法（200%）,5,0.4,0.108,,0.5,1,0,1,,0,0,0,0,1,0,0,0,0,,0,,,,,0,0,0,,0,0,0,0,0,0,0,0,6,工具、器具及び備品,false,0,0,,17,器具及び備品,,,,2018年度新入社員用です,,,,,,,,,,,,,,,,,,,,2018/01/01,,2023/02/15 22:19:02,Lily test14
61,1,20,事業供用開始,20,事業供用中（償却中）,start_usage16,パソコン,2018/01/01,,,500000,99,対象外,0,,500000,1,新品,SSKM0001,科目0001,,,STBS0001,設置場所0001,SKS0001,申告先0001,1,台,,,22,定率法（200%）,5,0.4,0.108,,0.5,1,0,1,,0,0,0,0,1,499999,0,0,11,定額法,5,0.2,,,,1,0,1,,0,0,0,0,1,0,0,0,0,,0,,,,,0,0,0,,0,0,0,0,0,0,0,0,6,工具、器具及び備品,false,0,0,,17,器具及び備品,,,,2018年度新入社員用です,,,,,,,,,,,,,,,,,,,,2018/01/01,,2023/02/15 22:22:42,Lily test14
62,1,20,事業供用開始,20,事業供用中（償却中）,start_usage17,パソコン,2018/01/01,,,500000,99,対象外,0,,500000,1,新品,SSKM0001,科目0001,,,STBS0001,設置場所0001,SKS0001,申告先0001,1,台,,,22,定率法（200%）,5,0.4,0.108,,0.5,1,0,1,,0,0,0,0,1,499999,0,0,11,定額法,5,0.2,,,,1,0,1,,0,0,0,0,1,0,0,0,0,,0,,,,,0,0,0,,0,0,0,0,0,0,0,0,6,工具、器具及び備品,false,0,0,,17,器具及び備品,,,,2018年度新入社員用です,,,,,,,,,,,,,,,,,,,,2018/01/01,,2023/02/15 22:22:40,Lily test14
63,1,20,事業供用開始,20,事業供用中（償却中）,start_usage18,パソコン,2018/01/01,,,500000,99,対象外,0,,500000,1,新品,SSKM0001,科目0001,,,STBS0001,設置場所0001,SKS0001,申告先0001,1,台,,,22,定率法（200%）,5,0.4,0.108,,0.5,1,0,1,,0,0,0,0,1,499999,0,0,11,定額法,5,0.2,,,,1,0,1,,0,0,0,0,1,0,0,0,0,,0,,,,,0,0,0,,0,0,0,0,0,0,0,0,6,工具、器具及び備品,false,0,0,,17,器具及び備品,,,,2018年度新入社員用です,,,,,,,,,,,,,,,,,,,,2018/01/01,,2023/02/15 22:22:39,Lily test14
64,1,20,事業供用開始,20,事業供用中（償却中）,start_usage19,パソコン,2018/01/01,,,500000,99,対象外,0,,500000,1,新品,SSKM0001,科目0001,,,STBS0001,設置場所0001,SKS0001,申告先0001,1,台,,,22,定率法（200%）,5,0.4,0.108,,0.5,1,0,1,,0,0,0,0,1,499999,0,0,11,定額法,5,0.2,,,,1,0,1,,0,0,0,0,1,0,0,0,0,,0,,,,,0,0,0,,0,0,0,0,0,0,0,0,6,工具、器具及び備品,false,0,0,,17,器具及び備品,,,,2018年度新入社員用です,,,,,,,,,,,,,,,,,,,,2018/01/01,,2023/02/15 22:22:37,Lily test14
65,1,20,事業供用開始,20,事業供用中（償却中）,start_usage20,パソコン,2018/01/01,,,500000,99,対象外,0,,500000,1,新品,SSKM0001,科目0001,,,STBS0001,設置場所0001,SKS0001,申告先0001,1,台,,,22,定率法（200%）,5,0.4,0.108,,0.5,1,0,1,,0,0,0,0,1,499999,0,0,11,定額法,5,0.2,,,,1,0,1,,0,0,0,0,1,0,0,0,0,,0,,,,,0,0,0,,0,0,0,0,0,0,0,0,6,工具、器具及び備品,false,0,0,,17,器具及び備品,,,,2018年度新入社員用です,,,,,,,,,,,,,,,,,,,,2018/01/01,,2023/02/15 22:22:35,Lily test14
66,1,20,事業供用開始,20,事業供用中（償却中）,start_usage21,パソコン,2018/01/01,,,500000,99,対象外,0,,500000,1,新品,SSKM0001,科目0001,,,STBS0001,設置場所0001,SKS0001,申告先0001,1,台,,,22,定率法（200%）,5,0.4,0.108,,0.5,1,0,1,,0,0,0,0,1,499999,0,0,11,定額法,5,0.2,,,,1,0,1,,0,0,0,0,1,0,0,0,0,,0,,,,,0,0,0,,0,0,0,0,0,0,0,0,6,工具、器具及び備品,false,0,0,,17,器具及び備品,,,,2018年度新入社員用です,,,,,,,,,,,,,,,,,,,,2018/01/01,,2023/02/15 22:22:33,Lily test14
67,1,20,事業供用開始,20,事業供用中（償却中）,start_usage22,パソコン,2018/01/01,,,500000,99,対象外,0,,500000,1,新品,SSKM0001,科目0001,,,STBS0001,設置場所0001,SKS0001,申告先0001,1,台,,,22,定率法（200%）,5,0.4,0.108,,0.5,1,0,1,,0,0,0,0,1,499999,0,0,11,定額法,5,0.2,,,,1,0,1,,0,0,0,0,1,0,0,0,0,,0,,,,,0,0,0,,0,0,0,0,0,0,0,0,6,工具、器具及び備品,false,0,0,,17,器具及び備品,,,,2018年度新入社員用です,,,,,,,,,,,,,,,,,,,,2018/01/01,,2023/02/15 22:22:32,Lily test14
68,1,20,事業供用開始,20,事業供用中（償却中）,start_usage23,パソコン,2018/01/01,,,500000,99,対象外,0,,500000,1,新品,SSKM0001,科目0001,,,STBS0001,設置場所0001,SKS0001,申告先0001,1,台,,,22,定率法（200%）,5,0.4,0.108,,0.5,1,0,1,,0,0,0,0,1,499999,0,0,11,定額法,5,0.2,,,,1,0,1,,0,0,0,0,1,0,0,0,0,,0,,,,,0,0,0,,0,0,0,0,0,0,0,0,6,工具、器具及び備品,false,0,0,,17,器具及び備品,,,,2018年度新入社員用です,,,,,,,,,,,,,,,,,,,,2018/01/01,,2023/02/15 22:22:30,Lily test14
69,1,20,事業供用開始,20,事業供用中（償却中）,start_usage24,パソコン,2018/01/01,,,500000,99,対象外,0,,500000,1,新品,SSKM0001,科目0001,,,STBS0001,設置場所0001,SKS0001,申告先0001,1,台,,,22,定率法（200%）,5,0.4,0.108,,0.5,1,0,1,,0,0,0,0,1,499999,0,0,11,定額法,5,0.2,,,,1,0,1,,0,0,0,0,1,0,0,0,0,,0,,,,,0,0,0,,0,0,0,0,0,0,0,0,6,工具、器具及び備品,false,0,0,,17,器具及び備品,,,,2018年度新入社員用です,,,,,,,,,,,,,,,,,,,,2018/01/01,,2023/02/15 22:22:29,Lily test14
70,1,20,事業供用開始,20,事業供用中（償却中）,start_usage25,パソコン,2018/01/01,,,500000,99,対象外,0,,500000,1,新品,SSKM0001,科目0001,,,STBS0001,設置場所0001,SKS0001,申告先0001,1,台,,,22,定率法（200%）,5,0.4,0.108,,0.5,1,0,1,,0,0,0,0,1,499999,0,0,11,定額法,5,0.2,,,,1,0,1,,0,0,0,0,1,0,0,0,0,,0,,,,,0,0,0,,0,0,0,0,0,0,0,0,6,工具、器具及び備品,false,0,0,,17,器具及び備品,,,,2018年度新入社員用です,,,,,,,,,,,,,,,,,,,,2018/01/01,,2023/02/15 22:22:27,Lily test14
71,1,20,事業供用開始,20,事業供用中（償却中）,start_usage26,パソコン,2018/01/01,,,500000,99,対象外,0,,500000,1,新品,SSKM0001,科目0001,,,STBS0001,設置場所0001,SKS0001,申告先0001,1,台,,,22,定率法（200%）,5,0.4,0.108,,0.5,1,0,1,,0,0,0,0,1,499999,0,0,11,定額法,5,0.2,,,,1,0,1,,0,0,0,0,1,0,0,0,0,,0,,,,,0,0,0,,0,0,0,0,0,0,0,0,6,工具、器具及び備品,false,0,0,,17,器具及び備品,,,,2018年度新入社員用です,,,,,,,,,,,,,,,,,,,,2018/01/01,,2023/02/15 22:22:25,Lily test14
72,1,20,事業供用開始,20,事業供用中（償却中）,start_usage27,パソコン,2018/01/01,,,500000,99,対象外,0,,500000,1,新品,SSKM0001,科目0001,,,STBS0001,設置場所0001,SKS0001,申告先0001,1,台,,,22,定率法（200%）,5,0.4,0.108,,0.5,1,0,1,,0,0,0,0,1,499999,0,0,11,定額法,5,0.2,,,,1,0,1,,0,0,0,0,1,0,0,0,0,,0,,,,,0,0,0,,0,0,0,0,0,0,0,0,6,工具、器具及び備品,false,0,0,,17,器具及び備品,,,,2018年度新入社員用です,,,,,,,,,,,,,,,,,,,,2018/01/01,,2023/02/15 22:22:24,Lily test14
73,1,20,事業供用開始,20,事業供用中（償却中）,start_usage28,パソコン,2018/01/01,,,500000,99,対象外,0,,500000,1,新品,SSKM0001,科目0001,,,STBS0001,設置場所0001,SKS0001,申告先0001,1,台,,,22,定率法（200%）,5,0.4,0.108,,0.5,1,0,1,,0,0,0,0,1,499999,0,0,11,定額法,5,0.2,,,,1,0,1,,0,0,0,0,1,0,0,0,0,,0,,,,,0,0,0,,0,0,0,0,0,0,0,0,6,工具、器具及び備品,false,0,0,,17,器具及び備品,,,,2018年度新入社員用です,,,,,,,,,,,,,,,,,,,,2018/01/01,,2023/02/15 22:22:22,Lily test14
74,1,20,事業供用開始,20,事業供用中（償却中）,start_usage29,パソコン,2018/01/01,,,500000,99,対象外,0,,500000,1,新品,SSKM0001,科目0001,,,STBS0001,設置場所0001,SKS0001,申告先0001,1,台,,,22,定率法（200%）,5,0.4,0.108,,0.5,1,0,1,,0,0,0,0,1,499999,0,0,11,定額法,5,0.2,,,,1,0,1,,0,0,0,0,1,0,0,0,0,,0,,,,,0,0,0,,0,0,0,0,0,0,0,0,6,工具、器具及び備品,false,0,0,,17,器具及び備品,,,,2018年度新入社員用です,,,,,,,,,,,,,,,,,,,,2018/01/01,,2023/02/15 22:22:20,Lily test14
75,1,20,事業供用開始,20,事業供用中（償却中）,start_usage30,パソコン,2018/01/01,,,500000,99,対象外,0,,500000,1,新品,SSKM0001,科目0001,,,STBS0001,設置場所0001,SKS0001,申告先0001,1,台,,,22,定率法（200%）,5,0.4,0.108,,0.5,1,0,1,,0,0,0,0,1,499999,0,0,11,定額法,5,0.2,,,,1,0,1,,0,0,0,0,1,0,0,0,0,,0,,,,,0,0,0,,0,0,0,0,0,0,0,0,6,工具、器具及び備品,false,0,0,,17,器具及び備品,,,,2018年度新入社員用です,,,,,,,,,,,,,,,,,,,,2018/01/01,,2023/02/15 22:22:19,Lily test14
166,1,20,事業供用開始,20,事業供用中（償却中）,start_usage31,パソコン,2018/01/01,,,500000,99,対象外,0,,500000,1,新品,SSKM0001,科目0001,,,STBS0001,設置場所0001,SKS0001,申告先0001,1,台,,,11,定額法,2,0.5,,,,1,0,1,,0,0,0,0,1,499999,0,0,11,定額法,5,0.2,,,,1,0,1,,0,0,0,0,1,0,0,0,0,,0,,,,,0,0,0,,0,0,0,0,0,0,0,0,0,,false,0,0,,0,,,,,,,,,,,,,,,,,,,,,,,,,2018/01/01,,2023/02/15 22:19:36,Lily test14
167,1,20,事業供用開始,20,事業供用中（償却中）,start_usage32,パソコン,2018/01/01,,,500000,99,対象外,0,,500000,1,新品,SSKM0001,科目0001,,,STBS0001,設置場所0001,SKS0001,申告先0001,1,台,,,11,定額法,2,0.5,,,,1,0,1,,0,0,0,0,1,499999,0,0,11,定額法,5,0.2,,,,1,0,1,,0,0,0,0,1,0,0,0,0,,0,,,,,0,0,0,,0,0,0,0,0,0,0,0,0,,false,0,0,,0,,,,,,,,,,,,,,,,,,,,,,,,,2018/01/01,,2023/02/15 22:19:34,Lily test14
168,1,20,事業供用開始,20,事業供用中（償却中）,start_usage33,パソコン,2018/01/01,,,500000,99,対象外,0,,500000,1,新品,SSKM0001,科目0001,,,STBS0001,設置場所0001,SKS0001,申告先0001,1,台,,,11,定額法,2,0.5,,,,1,0,1,,0,0,0,0,1,499999,0,0,11,定額法,5,0.2,,,,1,0,1,,0,0,0,0,1,0,0,0,0,,0,,,,,0,0,0,,0,0,0,0,0,0,0,0,0,,false,0,0,,0,,,,,,,,,,,,,,,,,,,,,,,,,2018/01/01,,2023/02/15 22:19:32,Lily test14
169,1,20,事業供用開始,20,事業供用中（償却中）,start_usage34,パソコン,2018/01/01,,,500000,99,対象外,0,,500000,1,新品,SSKM0001,科目0001,,,STBS0001,設置場所0001,SKS0001,申告先0001,1,台,,,11,定額法,2,0.5,,,,1,0,1,,0,0,0,0,1,499999,0,0,11,定額法,5,0.2,,,,1,0,1,,0,0,0,0,1,0,0,0,0,,0,,,,,0,0,0,,0,0,0,0,0,0,0,0,0,,false,0,0,,0,,,,,,,,,,,,,,,,,,,,,,,,,2018/01/01,,2023/02/15 22:19:29,Lily test14
170,1,20,事業供用開始,20,事業供用中（償却中）,start_usage35,パソコン,2018/01/01,,,500000,99,対象外,0,,500000,1,新品,SSKM0001,科目0001,,,STBS0001,設置場所0001,SKS0001,申告先0001,1,台,,,11,定額法,2,0.5,,,,1,0,1,,0,0,0,0,1,499999,0,0,11,定額法,5,0.2,,,,1,0,1,,0,0,0,0,1,0,0,0,0,,0,,,,,0,0,0,,0,0,0,0,0,0,0,0,0,,false,0,0,,0,,,,,,,,,,,,,,,,,,,,,,,,,2018/01/01,,2023/02/15 22:19:27,Lily test14
171,1,20,事業供用開始,20,事業供用中（償却中）,start_usage36,パソコン,2018/01/01,,,500000,99,対象外,0,,500000,1,新品,SSKM0001,科目0001,,,STBS0001,設置場所0001,SKS0001,申告先0001,1,台,,,11,定額法,2,0.5,,,,1,0,1,,0,0,0,0,1,499999,0,0,11,定額法,5,0.2,,,,1,0,1,,0,0,0,0,1,0,0,0,0,,0,,,,,0,0,0,,0,0,0,0,0,0,0,0,0,,false,0,0,,0,,,,,,,,,,,,,,,,,,,,,,,,,2018/01/01,,2023/02/15 22:19:24,Lily test14
172,1,20,事業供用開始,20,事業供用中（償却中）,start_usage37,パソコン,2018/01/01,,,500000,99,対象外,0,,500000,1,新品,SSKM0001,科目0001,,,STBS0001,設置場所0001,SKS0001,申告先0001,1,台,,,11,定額法,2,0.5,,,,1,0,1,,0,0,0,0,1,499999,0,0,11,定額法,5,0.2,,,,1,0,1,,0,0,0,0,1,0,0,0,0,,0,,,,,0,0,0,,0,0,0,0,0,0,0,0,0,,false,0,0,,0,,,,,,,,,,,,,,,,,,,,,,,,,2018/01/01,,2023/02/15 22:19:22,Lily test14
173,1,20,事業供用開始,20,事業供用中（償却中）,start_usage38,パソコン,2018/01/01,,,500000,99,対象外,0,,500000,1,新品,SSKM0001,科目0001,,,STBS0001,設置場所0001,SKS0001,申告先0001,1,台,,,11,定額法,2,0.5,,,,1,0,1,,0,0,0,0,1,499999,0,0,11,定額法,5,0.2,,,,1,0,1,,0,0,0,0,1,0,0,0,0,,0,,,,,0,0,0,,0,0,0,0,0,0,0,0,0,,false,0,0,,0,,,,,,,,,,,,,,,,,,,,,,,,,2018/01/01,,2023/02/15 22:19:19,Lily test14
174,1,20,事業供用開始,20,事業供用中（償却中）,start_usage39,パソコン,2018/01/01,,,500000,99,対象外,0,,500000,1,新品,SSKM0001,科目0001,,,STBS0001,設置場所0001,SKS0001,申告先0001,1,台,,,11,定額法,2,0.5,,,,1,0,1,,0,0,0,0,1,499999,0,0,11,定額法,5,0.2,,,,1,0,1,,0,0,0,0,1,0,0,0,0,,0,,,,,0,0,0,,0,0,0,0,0,0,0,0,0,,false,0,0,,0,,,,,,,,,,,,,,,,,,,,,,,,,2018/01/01,,2023/02/15 22:19:16,Lily test14
175,1,20,事業供用開始,20,事業供用中（償却中）,start_usage40,パソコン,2018/01/01,,,500000,99,対象外,0,,500000,1,新品,SSKM0001,科目0001,,,STBS0001,設置場所0001,SKS0001,申告先0001,1,台,,,11,定額法,2,0.5,,,,1,0,1,,0,0,0,0,1,499999,0,0,11,定額法,5,0.2,,,,1,0,1,,0,0,0,0,1,0,0,0,0,,0,,,,,0,0,0,,0,0,0,0,0,0,0,0,0,,false,0,0,,0,,,,,,,,,,,,,,,,,,,,,,,,,2018/01/01,,2023/02/15 22:19:14,Lily test14
176,1,20,事業供用開始,20,事業供用中（償却中）,start_usage41,パソコン,2018/01/01,,,500000,99,対象外,0,,500000,1,新品,SSKM0001,科目0001,,,STBS0001,設置場所0001,SKS0001,申告先0001,1,台,,,11,定額法,2,0.5,,,,1,0,1,,0,0,0,0,1,499999,0,0,11,定額法,5,0.2,,,,1,0,1,,0,0,0,0,1,0,0,0,0,,0,,,,,0,0,0,,0,0,0,0,0,0,0,0,0,,false,0,0,,0,,,,,,,,,,,,,,,,,,,,,,,,,2018/01/01,,2023/02/15 22:19:12,Lily test14
177,1,20,事業供用開始,20,事業供用中（償却中）,start_usage42,パソコン,2018/01/01,,,500000,99,対象外,0,,500000,1,新品,SSKM0001,科目0001,,,STBS0001,設置場所0001,SKS0001,申告先0001,1,台,,,11,定額法,2,0.5,,,,1,0,1,,0,0,0,0,1,499999,0,0,11,定額法,5,0.2,,,,1,0,1,,0,0,0,0,1,0,0,0,0,,0,,,,,0,0,0,,0,0,0,0,0,0,0,0,0,,false,0,0,,0,,,,,,,,,,,,,,,,,,,,,,,,,2018/01/01,,2023/02/15 22:19:09,Lily test14
178,1,20,事業供用開始,20,事業供用中（償却中）,start_usage43,パソコン,2018/01/01,,,500000,99,対象外,0,,500000,1,新品,SSKM0001,科目0001,,,STBS0001,設置場所0001,SKS0001,申告先0001,1,台,,,11,定額法,2,0.5,,,,1,0,1,,0,0,0,0,1,499999,0,0,11,定額法,5,0.2,,,,1,0,1,,0,0,0,0,1,0,0,0,0,,0,,,,,0,0,0,,0,0,0,0,0,0,0,0,0,,false,0,0,,0,,,,,,,,,,,,,,,,,,,,,,,,,2018/01/01,,2023/02/15 22:19:07,Lily test14
179,1,20,事業供用開始,20,事業供用中（償却中）,start_usage44,パソコン,2018/01/01,,,500000,99,対象外,0,,500000,1,新品,SSKM0001,科目0001,,,STBS0001,設置場所0001,SKS0001,申告先0001,1,台,,,11,定額法,2,0.5,,,,1,0,1,,0,0,0,0,1,499999,0,0,11,定額法,5,0.2,,,,1,0,1,,0,0,0,0,1,0,0,0,0,,0,,,,,0,0,0,,0,0,0,0,0,0,0,0,0,,false,0,0,,0,,,,,,,,,,,,,,,,,,,,,,,,,2018/01/01,,2023/02/15 22:19:05,Lily test14
180,1,20,事業供用開始,20,事業供用中（償却中）,start_usage45,パソコン,2018/01/01,,,500000,99,対象外,0,,500000,1,新品,SSKM0001,科目0001,,,STBS0001,設置場所0001,SKS0001,申告先0001,1,台,,,11,定額法,2,0.5,,,,1,0,1,,0,0,0,0,1,499999,0,0,11,定額法,5,0.2,,,,1,0,1,,0,0,0,0,1,0,0,0,0,,0,,,,,0,0,0,,0,0,0,0,0,0,0,0,0,,false,0,0,,0,,,,,,,,,,,,,,,,,,,,,,,,,2018/01/01,,2023/02/15 22:19:03,Lily test14
601,1,20,事業供用開始,20,事業供用中（償却中）,start_usage46,パソコン,2018/01/01,,,500000,99,対象外,0,,500000,1,新品,SSKM0001,科目0001,,,STBS0001,設置場所0001,SKS0001,申告先0001,1,台,,,11,定額法,5,0.2,,,,1,0,1,,0,0,0,0,1,499999,0,0,90,非償却資産,0,,,,,1,0,500000,,0,0,0,0,500000,0,0,0,0,,0,,,,,0,0,0,,0,0,0,0,0,0,0,0,0,,false,0,0,,0,,,,,,,,,,,,,,,,,,,,,,,,,2018/01/01,,2023/02/15 22:22:43,Lily test14
602,1,20,事業供用開始,20,事業供用中（償却中）,start_usage47,パソコン,2018/01/01,,,500000,99,対象外,0,,500000,1,新品,SSKM0001,科目0001,,,STBS0001,設置場所0001,SKS0001,申告先0001,1,台,,,11,定額法,5,0.2,,,,1,0,1,,0,0,0,0,1,499999,0,0,90,非償却資産,0,,,,,1,0,500000,,0,0,0,0,500000,0,0,0,0,,0,,,,,0,0,0,,0,0,0,0,0,0,0,0,0,,false,0,0,,0,,,,,,,,,,,,,,,,,,,,,,,,,2018/01/01,,2023/02/15 22:22:41,Lily test14
603,1,20,事業供用開始,20,事業供用中（償却中）,start_usage48,パソコン,2018/01/01,,,500000,99,対象外,0,,500000,1,新品,SSKM0001,科目0001,,,STBS0001,設置場所0001,SKS0001,申告先0001,1,台,,,11,定額法,5,0.2,,,,1,0,1,,0,0,0,0,1,499999,0,0,90,非償却資産,0,,,,,1,0,500000,,0,0,0,0,500000,0,0,0,0,,0,,,,,0,0,0,,0,0,0,0,0,0,0,0,0,,false,0,0,,0,,,,,,,,,,,,,,,,,,,,,,,,,2018/01/01,,2023/02/15 22:22:40,Lily test14
604,1,20,事業供用開始,20,事業供用中（償却中）,start_usage49,パソコン,2018/01/01,,,500000,99,対象外,0,,500000,1,新品,SSKM0001,科目0001,,,STBS0001,設置場所0001,SKS0001,申告先0001,1,台,,,11,定額法,5,0.2,,,,1,0,1,,0,0,0,0,1,499999,0,0,90,非償却資産,0,,,,,1,0,500000,,0,0,0,0,500000,0,0,0,0,,0,,,,,0,0,0,,0,0,0,0,0,0,0,0,0,,false,0,0,,0,,,,,,,,,,,,,,,,,,,,,,,,,2018/01/01,,2023/02/15 22:22:38,Lily test14
605,1,20,事業供用開始,20,事業供用中（償却中）,start_usage50,パソコン,2018/01/01,,,500000,99,対象外,0,,500000,1,新品,SSKM0001,科目0001,,,STBS0001,設置場所0001,SKS0001,申告先0001,1,台,,,11,定額法,5,0.2,,,,1,0,1,,0,0,0,0,1,499999,0,0,90,非償却資産,0,,,,,1,0,500000,,0,0,0,0,500000,0,0,0,0,,0,,,,,0,0,0,,0,0,0,0,0,0,0,0,0,,false,0,0,,0,,,,,,,,,,,,,,,,,,,,,,,,,2018/01/01,,2023/02/15 22:22:36,Lily test14
606,1,20,事業供用開始,20,事業供用中（償却中）,start_usage51,パソコン,2018/01/01,,,500000,99,対象外,0,,500000,1,新品,SSKM0001,科目0001,,,STBS0001,設置場所0001,SKS0001,申告先0001,1,台,,,11,定額法,5,0.2,,,,1,0,1,,0,0,0,0,1,499999,0,0,90,非償却資産,0,,,,,1,0,500000,,0,0,0,0,500000,0,0,0,0,,0,,,,,0,0,0,,0,0,0,0,0,0,0,0,0,,false,0,0,,0,,,,,,,,,,,,,,,,,,,,,,,,,2018/01/01,,2023/02/15 22:22:34,Lily test14
607,1,20,事業供用開始,20,事業供用中（償却中）,start_usage52,パソコン,2018/01/01,,,500000,99,対象外,0,,500000,1,新品,SSKM0001,科目0001,,,STBS0001,設置場所0001,SKS0001,申告先0001,1,台,,,11,定額法,5,0.2,,,,1,0,1,,0,0,0,0,1,499999,0,0,90,非償却資産,0,,,,,1,0,500000,,0,0,0,0,500000,0,0,0,0,,0,,,,,0,0,0,,0,0,0,0,0,0,0,0,0,,false,0,0,,0,,,,,,,,,,,,,,,,,,,,,,,,,2018/01/01,,2023/02/15 22:22:33,Lily test14
608,1,20,事業供用開始,20,事業供用中（償却中）,start_usage53,パソコン,2018/01/01,,,500000,99,対象外,0,,500000,1,新品,SSKM0001,科目0001,,,STBS0001,設置場所0001,SKS0001,申告先0001,1,台,,,11,定額法,5,0.2,,,,1,0,1,,0,0,0,0,1,499999,0,0,90,非償却資産,0,,,,,1,0,500000,,0,0,0,0,500000,0,0,0,0,,0,,,,,0,0,0,,0,0,0,0,0,0,0,0,0,,false,0,0,,0,,,,,,,,,,,,,,,,,,,,,,,,,2018/01/01,,2023/02/15 22:22:31,Lily test14
609,1,20,事業供用開始,20,事業供用中（償却中）,start_usage54,パソコン,2018/01/01,,,500000,99,対象外,0,,500000,1,新品,SSKM0001,科目0001,,,STBS0001,設置場所0001,SKS0001,申告先0001,1,台,,,11,定額法,5,0.2,,,,1,0,1,,0,0,0,0,1,499999,0,0,90,非償却資産,0,,,,,1,0,500000,,0,0,0,0,500000,0,0,0,0,,0,,,,,0,0,0,,0,0,0,0,0,0,0,0,0,,false,0,0,,0,,,,,,,,,,,,,,,,,,,,,,,,,2018/01/01,,2023/02/15 22:22:29,Lily test14
610,1,20,事業供用開始,20,事業供用中（償却中）,start_usage55,パソコン,2018/01/01,,,500000,99,対象外,0,,500000,1,新品,SSKM0001,科目0001,,,STBS0001,設置場所0001,SKS0001,申告先0001,1,台,,,11,定額法,5,0.2,,,,1,0,1,,0,0,0,0,1,499999,0,0,90,非償却資産,0,,,,,1,0,500000,,0,0,0,0,500000,0,0,0,0,,0,,,,,0,0,0,,0,0,0,0,0,0,0,0,0,,false,0,0,,0,,,,,,,,,,,,,,,,,,,,,,,,,2018/01/01,,2023/02/15 22:22:28,Lily test14
611,1,20,事業供用開始,20,事業供用中（償却中）,start_usage56,パソコン,2018/01/01,,,500000,99,対象外,0,,500000,1,新品,SSKM0001,科目0001,,,STBS0001,設置場所0001,SKS0001,申告先0001,1,台,,,11,定額法,5,0.2,,,,1,0,1,,0,0,0,0,1,499999,0,0,90,非償却資産,0,,,,,1,0,500000,,0,0,0,0,500000,0,0,0,0,,0,,,,,0,0,0,,0,0,0,0,0,0,0,0,0,,false,0,0,,0,,,,,,,,,,,,,,,,,,,,,,,,,2018/01/01,,2023/02/15 22:22:26,Lily test14
612,1,20,事業供用開始,20,事業供用中（償却中）,start_usage57,パソコン,2018/01/01,,,500000,99,対象外,0,,500000,1,新品,SSKM0001,科目0001,,,STBS0001,設置場所0001,SKS0001,申告先0001,1,台,,,11,定額法,5,0.2,,,,1,0,1,,0,0,0,0,1,499999,0,0,90,非償却資産,0,,,,,1,0,500000,,0,0,0,0,500000,0,0,0,0,,0,,,,,0,0,0,,0,0,0,0,0,0,0,0,0,,false,0,0,,0,,,,,,,,,,,,,,,,,,,,,,,,,2018/01/01,,2023/02/15 22:22:25,Lily test14
613,1,20,事業供用開始,20,事業供用中（償却中）,start_usage58,パソコン,2018/01/01,,,500000,99,対象外,0,,500000,1,新品,SSKM0001,科目0001,,,STBS0001,設置場所0001,SKS0001,申告先0001,1,台,,,11,定額法,5,0.2,,,,1,0,1,,0,0,0,0,1,499999,0,0,90,非償却資産,0,,,,,1,0,500000,,0,0,0,0,500000,0,0,0,0,,0,,,,,0,0,0,,0,0,0,0,0,0,0,0,0,,false,0,0,,0,,,,,,,,,,,,,,,,,,,,,,,,,2018/01/01,,2023/02/15 22:22:23,Lily test14
614,1,20,事業供用開始,20,事業供用中（償却中）,start_usage59,パソコン,2018/01/01,,,500000,99,対象外,0,,500000,1,新品,SSKM0001,科目0001,,,STBS0001,設置場所0001,SKS0001,申告先0001,1,台,,,11,定額法,5,0.2,,,,1,0,1,,0,0,0,0,1,499999,0,0,90,非償却資産,0,,,,,1,0,500000,,0,0,0,0,500000,0,0,0,0,,0,,,,,0,0,0,,0,0,0,0,0,0,0,0,0,,false,0,0,,0,,,,,,,,,,,,,,,,,,,,,,,,,2018/01/01,,2023/02/15 22:22:21,Lily test14
615,1,20,事業供用開始,20,事業供用中（償却中）,start_usage60,パソコン,2018/01/01,,,500000,99,対象外,0,,500000,1,新品,SSKM0001,科目0001,,,STBS0001,設置場所0001,SKS0001,申告先0001,1,台,,,11,定額法,5,0.2,,,,1,0,1,,0,0,0,0,1,499999,0,0,90,非償却資産,0,,,,,1,0,500000,,0,0,0,0,500000,0,0,0,0,,0,,,,,0,0,0,,0,0,0,0,0,0,0,0,0,,false,0,0,,0,,,,,,,,,,,,,,,,,,,,,,,,,2018/01/01,,2023/02/15 22:22:20,Lily test14
616,1,20,事業供用開始,20,事業供用中（償却中）,start_usage61,パソコン,2018/01/01,,,500000,99,対象外,0,,500000,1,新品,SSKM0001,科目0001,,,STBS0001,設置場所0001,SKS0001,申告先0001,1,台,,,11,定額法,5,0.2,,,,1,0,1,,0,0,0,0,1,499999,0,0,22,定率法（200%）,5,0.4,0.108,,0.5,1,0,1,,0,0,0,0,1,0,0,0,0,,0,,,,,0,0,0,,0,0,0,0,0,0,0,0,0,,false,0,0,,0,,,,,,,,,,,,,,,,,,,,,,,,,2018/01/01,,2023/02/15 22:22:42,Lily test14
617,1,20,事業供用開始,20,事業供用中（償却中）,start_usage62,パソコン,2018/01/01,,,500000,99,対象外,0,,500000,1,新品,SSKM0001,科目0001,,,STBS0001,設置場所0001,SKS0001,申告先0001,1,台,,,11,定額法,5,0.2,,,,1,0,1,,0,0,0,0,1,499999,0,0,22,定率法（200%）,5,0.4,0.108,,0.5,1,0,1,,0,0,0,0,1,0,0,0,0,,0,,,,,0,0,0,,0,0,0,0,0,0,0,0,0,,false,0,0,,0,,,,,,,,,,,,,,,,,,,,,,,,,2018/01/01,,2023/02/15 22:22:40,Lily test14
618,1,20,事業供用開始,20,事業供用中（償却中）,start_usage63,パソコン,2018/01/01,,,500000,99,対象外,0,,500000,1,新品,SSKM0001,科目0001,,,STBS0001,設置場所0001,SKS0001,申告先0001,1,台,,,11,定額法,5,0.2,,,,1,0,1,,0,0,0,0,1,499999,0,0,22,定率法（200%）,5,0.4,0.108,,0.5,1,0,1,,0,0,0,0,1,0,0,0,0,,0,,,,,0,0,0,,0,0,0,0,0,0,0,0,0,,false,0,0,,0,,,,,,,,,,,,,,,,,,,,,,,,,2018/01/01,,2023/02/15 22:22:39,Lily test14
619,1,20,事業供用開始,20,事業供用中（償却中）,start_usage64,パソコン,2018/01/01,,,500000,99,対象外,0,,500000,1,新品,SSKM0001,科目0001,,,STBS0001,設置場所0001,SKS0001,申告先0001,1,台,,,11,定額法,5,0.2,,,,1,0,1,,0,0,0,0,1,499999,0,0,22,定率法（200%）,5,0.4,0.108,,0.5,1,0,1,,0,0,0,0,1,0,0,0,0,,0,,,,,0,0,0,,0,0,0,0,0,0,0,0,0,,false,0,0,,0,,,,,,,,,,,,,,,,,,,,,,,,,2018/01/01,,2023/02/15 22:22:37,Lily test14
620,1,20,事業供用開始,20,事業供用中（償却中）,start_usage65,パソコン,2018/01/01,,,500000,99,対象外,0,,500000,1,新品,SSKM0001,科目0001,,,STBS0001,設置場所0001,SKS0001,申告先0001,1,台,,,11,定額法,5,0.2,,,,1,0,1,,0,0,0,0,1,499999,0,0,22,定率法（200%）,5,0.4,0.108,,0.5,1,0,1,,0,0,0,0,1,0,0,0,0,,0,,,,,0,0,0,,0,0,0,0,0,0,0,0,0,,false,0,0,,0,,,,,,,,,,,,,,,,,,,,,,,,,2018/01/01,,2023/02/15 22:22:35,Lily test14
621,1,20,事業供用開始,20,事業供用中（償却中）,start_usage66,パソコン,2018/01/01,,,500000,99,対象外,0,,500000,1,新品,SSKM0001,科目0001,,,STBS0001,設置場所0001,SKS0001,申告先0001,1,台,,,11,定額法,5,0.2,,,,1,0,1,,0,0,0,0,1,499999,0,0,22,定率法（200%）,5,0.4,0.108,,0.5,1,0,1,,0,0,0,0,1,0,0,0,0,,0,,,,,0,0,0,,0,0,0,0,0,0,0,0,0,,false,0,0,,0,,,,,,,,,,,,,,,,,,,,,,,,,2018/01/01,,2023/02/15 22:22:34,Lily test14
622,1,20,事業供用開始,20,事業供用中（償却中）,start_usage67,パソコン,2018/01/01,,,500000,99,対象外,0,,500000,1,新品,SSKM0001,科目0001,,,STBS0001,設置場所0001,SKS0001,申告先0001,1,台,,,11,定額法,5,0.2,,,,1,0,1,,0,0,0,0,1,499999,0,0,22,定率法（200%）,5,0.4,0.108,,0.5,1,0,1,,0,0,0,0,1,0,0,0,0,,0,,,,,0,0,0,,0,0,0,0,0,0,0,0,0,,false,0,0,,0,,,,,,,,,,,,,,,,,,,,,,,,,2018/01/01,,2023/02/15 22:22:32,Lily test14
623,1,20,事業供用開始,20,事業供用中（償却中）,start_usage68,パソコン,2018/01/01,,,500000,99,対象外,0,,500000,1,新品,SSKM0001,科目0001,,,STBS0001,設置場所0001,SKS0001,申告先0001,1,台,,,11,定額法,5,0.2,,,,1,0,1,,0,0,0,0,1,499999,0,0,22,定率法（200%）,5,0.4,0.108,,0.5,1,0,1,,0,0,0,0,1,0,0,0,0,,0,,,,,0,0,0,,0,0,0,0,0,0,0,0,0,,false,0,0,,0,,,,,,,,,,,,,,,,,,,,,,,,,2018/01/01,,2023/02/15 22:22:31,Lily test14
624,1,20,事業供用開始,20,事業供用中（償却中）,start_usage69,パソコン,2018/01/01,,,500000,99,対象外,0,,500000,1,新品,SSKM0001,科目0001,,,STBS0001,設置場所0001,SKS0001,申告先0001,1,台,,,11,定額法,5,0.2,,,,1,0,1,,0,0,0,0,1,499999,0,0,22,定率法（200%）,5,0.4,0.108,,0.5,1,0,1,,0,0,0,0,1,0,0,0,0,,0,,,,,0,0,0,,0,0,0,0,0,0,0,0,0,,false,0,0,,0,,,,,,,,,,,,,,,,,,,,,,,,,2018/01/01,,2023/02/15 22:22:29,Lily test14
625,1,20,事業供用開始,20,事業供用中（償却中）,start_usage70,パソコン,2018/01/01,,,500000,99,対象外,0,,500000,1,新品,SSKM0001,科目0001,,,STBS0001,設置場所0001,SKS0001,申告先0001,1,台,,,11,定額法,5,0.2,,,,1,0,1,,0,0,0,0,1,499999,0,0,22,定率法（200%）,5,0.4,0.108,,0.5,1,0,1,,0,0,0,0,1,0,0,0,0,,0,,,,,0,0,0,,0,0,0,0,0,0,0,0,0,,false,0,0,,0,,,,,,,,,,,,,,,,,,,,,,,,,2018/01/01,,2023/02/15 22:22:27,Lily test14
626,1,20,事業供用開始,20,事業供用中（償却中）,start_usage71,パソコン,2018/01/01,,,500000,99,対象外,0,,500000,1,新品,SSKM0001,科目0001,,,STBS0001,設置場所0001,SKS0001,申告先0001,1,台,,,11,定額法,5,0.2,,,,1,0,1,,0,0,0,0,1,499999,0,0,22,定率法（200%）,5,0.4,0.108,,0.5,1,0,1,,0,0,0,0,1,0,0,0,0,,0,,,,,0,0,0,,0,0,0,0,0,0,0,0,0,,false,0,0,,0,,,,,,,,,,,,,,,,,,,,,,,,,2018/01/01,,2023/02/15 22:22:26,Lily test14
627,1,20,事業供用開始,20,事業供用中（償却中）,start_usage72,パソコン,2018/01/01,,,500000,99,対象外,0,,500000,1,新品,SSKM0001,科目0001,,,STBS0001,設置場所0001,SKS0001,申告先0001,1,台,,,11,定額法,5,0.2,,,,1,0,1,,0,0,0,0,1,499999,0,0,22,定率法（200%）,5,0.4,0.108,,0.5,1,0,1,,0,0,0,0,1,0,0,0,0,,0,,,,,0,0,0,,0,0,0,0,0,0,0,0,0,,false,0,0,,0,,,,,,,,,,,,,,,,,,,,,,,,,2018/01/01,,2023/02/15 22:22:24,Lily test14
628,1,20,事業供用開始,20,事業供用中（償却中）,start_usage73,パソコン,2018/01/01,,,500000,99,対象外,0,,500000,1,新品,SSKM0001,科目0001,,,STBS0001,設置場所0001,SKS0001,申告先0001,1,台,,,11,定額法,5,0.2,,,,1,0,1,,0,0,0,0,1,499999,0,0,22,定率法（200%）,5,0.4,0.108,,0.5,1,0,1,,0,0,0,0,1,0,0,0,0,,0,,,,,0,0,0,,0,0,0,0,0,0,0,0,0,,false,0,0,,0,,,,,,,,,,,,,,,,,,,,,,,,,2018/01/01,,2023/02/15 22:22:22,Lily test14
629,1,20,事業供用開始,20,事業供用中（償却中）,start_usage74,パソコン,2018/01/01,,,500000,99,対象外,0,,500000,1,新品,SSKM0001,科目0001,,,STBS0001,設置場所0001,SKS0001,申告先0001,1,台,,,11,定額法,5,0.2,,,,1,0,1,,0,0,0,0,1,499999,0,0,22,定率法（200%）,5,0.4,0.108,,0.5,1,0,1,,0,0,0,0,1,0,0,0,0,,0,,,,,0,0,0,,0,0,0,0,0,0,0,0,0,,false,0,0,,0,,,,,,,,,,,,,,,,,,,,,,,,,2018/01/01,,2023/02/15 22:22:21,Lily test14
630,1,20,事業供用開始,20,事業供用中（償却中）,start_usage75,パソコン,2018/01/01,,,500000,99,対象外,0,,500000,1,新品,SSKM0001,科目0001,,,STBS0001,設置場所0001,SKS0001,申告先0001,1,台,,,11,定額法,5,0.2,,,,1,0,1,,0,0,0,0,1,499999,0,0,22,定率法（200%）,5,0.4,0.108,,0.5,1,0,1,,0,0,0,0,1,0,0,0,0,,0,,,,,0,0,0,,0,0,0,0,0,0,0,0,0,,false,0,0,,0,,,,,,,,,,,,,,,,,,,,,,,,,2018/01/01,,2023/02/15 22:22:19,Lily test14
631,1,20,事業供用開始,20,事業供用中（償却中）,start_usage76,パソコン,2018/01/01,,,500000,99,対象外,0,,500000,1,新品,SSKM0001,科目0001,,,STBS0001,設置場所0001,SKS0001,申告先0001,1,台,,,11,定額法,5,0.2,,,,1,0,1,,0,0,0,0,1,499999,0,0,40,均等償却（繰延資産）,5,,,,,0,0,0,,0,60,0,0,0,0,0,0,0,,0,,,,,0,0,0,,0,0,0,0,0,0,0,0,0,,false,0,0,,0,,,,,,,,,,,,,,,,,,,,,,,,,2018/01/01,,2023/02/15 22:22:42,Lily test14
632,1,20,事業供用開始,20,事業供用中（償却中）,start_usage77,パソコン,2018/01/01,,,500000,99,対象外,0,,500000,1,新品,SSKM0001,科目0001,,,STBS0001,設置場所0001,SKS0001,申告先0001,1,台,,,11,定額法,5,0.2,,,,1,0,1,,0,0,0,0,1,499999,0,0,40,均等償却（繰延資産）,5,,,,,0,0,0,,0,60,0,0,0,0,0,0,0,,0,,,,,0,0,0,,0,0,0,0,0,0,0,0,0,,false,0,0,,0,,,,,,,,,,,,,,,,,,,,,,,,,2018/01/01,,2023/02/15 22:22:40,Lily test14
633,1,20,事業供用開始,20,事業供用中（償却中）,start_usage78,パソコン,2018/01/01,,,500000,99,対象外,0,,500000,1,新品,SSKM0001,科目0001,,,STBS0001,設置場所0001,SKS0001,申告先0001,1,台,,,11,定額法,5,0.2,,,,1,0,1,,0,0,0,0,1,499999,0,0,40,均等償却（繰延資産）,5,,,,,0,0,0,,0,60,0,0,0,0,0,0,0,,0,,,,,0,0,0,,0,0,0,0,0,0,0,0,0,,false,0,0,,0,,,,,,,,,,,,,,,,,,,,,,,,,2018/01/01,,2023/02/15 22:22:39,Lily test14
634,1,20,事業供用開始,20,事業供用中（償却中）,start_usage79,パソコン,2018/01/01,,,500000,99,対象外,0,,500000,1,新品,SSKM0001,科目0001,,,STBS0001,設置場所0001,SKS0001,申告先0001,1,台,,,11,定額法,5,0.2,,,,1,0,1,,0,0,0,0,1,499999,0,0,40,均等償却（繰延資産）,5,,,,,0,0,0,,0,60,0,0,0,0,0,0,0,,0,,,,,0,0,0,,0,0,0,0,0,0,0,0,0,,false,0,0,,0,,,,,,,,,,,,,,,,,,,,,,,,,2018/01/01,,2023/02/15 22:22:37,Lily test14
635,1,20,事業供用開始,20,事業供用中（償却中）,start_usage80,パソコン,2018/01/01,,,500000,99,対象外,0,,500000,1,新品,SSKM0001,科目0001,,,STBS0001,設置場所0001,SKS0001,申告先0001,1,台,,,11,定額法,5,0.2,,,,1,0,1,,0,0,0,0,1,499999,0,0,40,均等償却（繰延資産）,5,,,,,0,0,0,,0,60,0,0,0,0,0,0,0,,0,,,,,0,0,0,,0,0,0,0,0,0,0,0,0,,false,0,0,,0,,,,,,,,,,,,,,,,,,,,,,,,,2018/01/01,,2023/02/15 22:22:35,Lily test14
636,1,20,事業供用開始,20,事業供用中（償却中）,start_usage81,パソコン,2018/01/01,,,500000,99,対象外,0,,500000,1,新品,SSKM0001,科目0001,,,STBS0001,設置場所0001,SKS0001,申告先0001,1,台,,,11,定額法,5,0.2,,,,1,0,1,,0,0,0,0,1,499999,0,0,40,均等償却（繰延資産）,5,,,,,0,0,0,,0,60,0,0,0,0,0,0,0,,0,,,,,0,0,0,,0,0,0,0,0,0,0,0,0,,false,0,0,,0,,,,,,,,,,,,,,,,,,,,,,,,,2018/01/01,,2023/02/15 22:22:34,Lily test14
637,1,20,事業供用開始,20,事業供用中（償却中）,start_usage82,パソコン,2018/01/01,,,500000,99,対象外,0,,500000,1,新品,SSKM0001,科目0001,,,STBS0001,設置場所0001,SKS0001,申告先0001,1,台,,,11,定額法,5,0.2,,,,1,0,1,,0,0,0,0,1,499999,0,0,40,均等償却（繰延資産）,5,,,,,0,0,0,,0,60,0,0,0,0,0,0,0,,0,,,,,0,0,0,,0,0,0,0,0,0,0,0,0,,false,0,0,,0,,,,,,,,,,,,,,,,,,,,,,,,,2018/01/01,,2023/02/15 22:22:32,Lily test14
638,1,20,事業供用開始,20,事業供用中（償却中）,start_usage83,パソコン,2018/01/01,,,500000,99,対象外,0,,500000,1,新品,SSKM0001,科目0001,,,STBS0001,設置場所0001,SKS0001,申告先0001,1,台,,,11,定額法,5,0.2,,,,1,0,1,,0,0,0,0,1,499999,0,0,40,均等償却（繰延資産）,5,,,,,0,0,0,,0,60,0,0,0,0,0,0,0,,0,,,,,0,0,0,,0,0,0,0,0,0,0,0,0,,false,0,0,,0,,,,,,,,,,,,,,,,,,,,,,,,,2018/01/01,,2023/02/15 22:22:30,Lily test14
639,1,20,事業供用開始,20,事業供用中（償却中）,start_usage84,パソコン,2018/01/01,,,500000,99,対象外,0,,500000,1,新品,SSKM0001,科目0001,,,STBS0001,設置場所0001,SKS0001,申告先0001,1,台,,,11,定額法,5,0.2,,,,1,0,1,,0,0,0,0,1,499999,0,0,40,均等償却（繰延資産）,5,,,,,0,0,0,,0,60,0,0,0,0,0,0,0,,0,,,,,0,0,0,,0,0,0,0,0,0,0,0,0,,false,0,0,,0,,,,,,,,,,,,,,,,,,,,,,,,,2018/01/01,,2023/02/15 22:22:29,Lily test14
640,1,20,事業供用開始,20,事業供用中（償却中）,start_usage85,パソコン,2018/01/01,,,500000,99,対象外,0,,500000,1,新品,SSKM0001,科目0001,,,STBS0001,設置場所0001,SKS0001,申告先0001,1,台,,,11,定額法,5,0.2,,,,1,0,1,,0,0,0,0,1,499999,0,0,40,均等償却（繰延資産）,5,,,,,0,0,0,,0,60,0,0,0,0,0,0,0,,0,,,,,0,0,0,,0,0,0,0,0,0,0,0,0,,false,0,0,,0,,,,,,,,,,,,,,,,,,,,,,,,,2018/01/01,,2023/02/15 22:22:27,Lily test14
641,1,20,事業供用開始,20,事業供用中（償却中）,start_usage86,パソコン,2018/01/01,,,500000,99,対象外,0,,500000,1,新品,SSKM0001,科目0001,,,STBS0001,設置場所0001,SKS0001,申告先0001,1,台,,,11,定額法,5,0.2,,,,1,0,1,,0,0,0,0,1,499999,0,0,40,均等償却（繰延資産）,5,,,,,0,0,0,,0,60,0,0,0,0,0,0,0,,0,,,,,0,0,0,,0,0,0,0,0,0,0,0,0,,false,0,0,,0,,,,,,,,,,,,,,,,,,,,,,,,,2018/01/01,,2023/02/15 22:22:26,Lily test14
642,1,20,事業供用開始,20,事業供用中（償却中）,start_usage87,パソコン,2018/01/01,,,500000,99,対象外,0,,500000,1,新品,SSKM0001,科目0001,,,STBS0001,設置場所0001,SKS0001,申告先0001,1,台,,,11,定額法,5,0.2,,,,1,0,1,,0,0,0,0,1,499999,0,0,40,均等償却（繰延資産）,5,,,,,0,0,0,,0,60,0,0,0,0,0,0,0,,0,,,,,0,0,0,,0,0,0,0,0,0,0,0,0,,false,0,0,,0,,,,,,,,,,,,,,,,,,,,,,,,,2018/01/01,,2023/02/15 22:22:24,Lily test14
643,1,20,事業供用開始,20,事業供用中（償却中）,start_usage88,パソコン,2018/01/01,,,500000,99,対象外,0,,500000,1,新品,SSKM0001,科目0001,,,STBS0001,設置場所0001,SKS0001,申告先0001,1,台,,,11,定額法,5,0.2,,,,1,0,1,,0,0,0,0,1,499999,0,0,40,均等償却（繰延資産）,5,,,,,0,0,0,,0,60,0,0,0,0,0,0,0,,0,,,,,0,0,0,,0,0,0,0,0,0,0,0,0,,false,0,0,,0,,,,,,,,,,,,,,,,,,,,,,,,,2018/01/01,,2023/02/15 22:22:22,Lily test14
644,1,20,事業供用開始,20,事業供用中（償却中）,start_usage89,パソコン,2018/01/01,,,500000,99,対象外,0,,500000,1,新品,SSKM0001,科目0001,,,STBS0001,設置場所0001,SKS0001,申告先0001,1,台,,,11,定額法,5,0.2,,,,1,0,1,,0,0,0,0,1,499999,0,0,40,均等償却（繰延資産）,5,,,,,0,0,0,,0,60,0,0,0,0,0,0,0,,0,,,,,0,0,0,,0,0,0,0,0,0,0,0,0,,false,0,0,,0,,,,,,,,,,,,,,,,,,,,,,,,,2018/01/01,,2023/02/15 22:22:21,Lily test14
645,1,20,事業供用開始,20,事業供用中（償却中）,start_usage90,パソコン,2018/01/01,,,500000,99,対象外,0,,500000,1,新品,SSKM0001,科目0001,,,STBS0001,設置場所0001,SKS0001,申告先0001,1,台,,,11,定額法,5,0.2,,,,1,0,1,,0,0,0,0,1,499999,0,0,40,均等償却（繰延資産）,5,,,,,0,0,0,,0,60,0,0,0,0,0,0,0,,0,,,,,0,0,0,,0,0,0,0,0,0,0,0,0,,false,0,0,,0,,,,,,,,,,,,,,,,,,,,,,,,,2018/01/01,,2023/02/15 22:22:21,Lily test14
646,1,20,事業供用開始,20,事業供用中（償却中）,start_usage91,パソコン,2018/01/01,,,500000,99,対象外,0,,500000,1,新品,SSKM0001,科目0001,,,STBS0001,設置場所0001,SKS0001,申告先0001,1,台,,,11,定額法,2,0.5,,,,1,0,1,,0,0,0,0,1,499999,0,0,50,利用期間均等（月）,0,,,,,0,0,0,,0,60,0,0,0,0,0,0,0,,0,,,,,0,0,0,,0,0,0,0,0,0,0,0,0,,false,0,0,,0,,,,,,,,,,,,,,,,,,,,,,,,,2018/01/01,,2023/02/15 22:22:42,Lily test14
647,1,20,事業供用開始,20,事業供用中（償却中）,start_usage92,パソコン,2018/01/01,,,500000,99,対象外,0,,500000,1,新品,SSKM0001,科目0001,,,STBS0001,設置場所0001,SKS0001,申告先0001,1,台,,,11,定額法,2,0.5,,,,1,0,1,,0,0,0,0,1,499999,0,0,50,利用期間均等（月）,0,,,,,0,0,0,,0,60,0,0,0,0,0,0,0,,0,,,,,0,0,0,,0,0,0,0,0,0,0,0,0,,false,0,0,,0,,,,,,,,,,,,,,,,,,,,,,,,,2018/01/01,,2023/02/15 22:22:41,Lily test14
648,1,20,事業供用開始,20,事業供用中（償却中）,start_usage93,パソコン,2018/01/01,,,500000,99,対象外,0,,500000,1,新品,SSKM0001,科目0001,,,STBS0001,設置場所0001,SKS0001,申告先0001,1,台,,,11,定額法,2,0.5,,,,1,0,1,,0,0,0,0,1,499999,0,0,50,利用期間均等（月）,0,,,,,0,0,0,,0,60,0,0,0,0,0,0,0,,0,,,,,0,0,0,,0,0,0,0,0,0,0,0,0,,false,0,0,,0,,,,,,,,,,,,,,,,,,,,,,,,,2018/01/01,,2023/02/15 22:22:39,Lily test14
649,1,20,事業供用開始,20,事業供用中（償却中）,start_usage94,パソコン,2018/01/01,,,500000,99,対象外,0,,500000,1,新品,SSKM0001,科目0001,,,STBS0001,設置場所0001,SKS0001,申告先0001,1,台,,,11,定額法,2,0.5,,,,1,0,1,,0,0,0,0,1,499999,0,0,50,利用期間均等（月）,0,,,,,0,0,0,,0,60,0,0,0,0,0,0,0,,0,,,,,0,0,0,,0,0,0,0,0,0,0,0,0,,false,0,0,,0,,,,,,,,,,,,,,,,,,,,,,,,,2018/01/01,,2023/02/15 22:22:37,Lily test14
650,1,20,事業供用開始,20,事業供用中（償却中）,start_usage95,パソコン,2018/01/01,,,500000,99,対象外,0,,500000,1,新品,SSKM0001,科目0001,,,STBS0001,設置場所0001,SKS0001,申告先0001,1,台,,,11,定額法,2,0.5,,,,1,0,1,,0,0,0,0,1,499999,0,0,50,利用期間均等（月）,0,,,,,0,0,0,,0,60,0,0,0,0,0,0,0,,0,,,,,0,0,0,,0,0,0,0,0,0,0,0,0,,false,0,0,,0,,,,,,,,,,,,,,,,,,,,,,,,,2018/01/01,,2023/02/15 22:22:36,Lily test14
651,1,20,事業供用開始,20,事業供用中（償却中）,start_usage96,パソコン,2018/01/01,,,500000,99,対象外,0,,500000,1,新品,SSKM0001,科目0001,,,STBS0001,設置場所0001,SKS0001,申告先0001,1,台,,,11,定額法,2,0.5,,,,1,0,1,,0,0,0,0,1,499999,0,0,50,利用期間均等（月）,0,,,,,0,0,0,,0,60,0,0,0,0,0,0,0,,0,,,,,0,0,0,,0,0,0,0,0,0,0,0,0,,false,0,0,,0,,,,,,,,,,,,,,,,,,,,,,,,,2018/01/01,,2023/02/15 22:22:34,Lily test14
652,1,20,事業供用開始,20,事業供用中（償却中）,start_usage97,パソコン,2018/01/01,,,500000,99,対象外,0,,500000,1,新品,SSKM0001,科目0001,,,STBS0001,設置場所0001,SKS0001,申告先0001,1,台,,,11,定額法,2,0.5,,,,1,0,1,,0,0,0,0,1,499999,0,0,50,利用期間均等（月）,0,,,,,0,0,0,,0,60,0,0,0,0,0,0,0,,0,,,,,0,0,0,,0,0,0,0,0,0,0,0,0,,false,0,0,,0,,,,,,,,,,,,,,,,,,,,,,,,,2018/01/01,,2023/02/15 22:22:32,Lily test14
653,1,20,事業供用開始,20,事業供用中（償却中）,start_usage98,パソコン,2018/01/01,,,500000,99,対象外,0,,500000,1,新品,SSKM0001,科目0001,,,STBS0001,設置場所0001,SKS0001,申告先0001,1,台,,,11,定額法,2,0.5,,,,1,0,1,,0,0,0,0,1,499999,0,0,50,利用期間均等（月）,0,,,,,0,0,0,,0,60,0,0,0,0,0,0,0,,0,,,,,0,0,0,,0,0,0,0,0,0,0,0,0,,false,0,0,,0,,,,,,,,,,,,,,,,,,,,,,,,,2018/01/01,,2023/02/15 22:22:31,Lily test14
654,1,20,事業供用開始,20,事業供用中（償却中）,start_usage99,パソコン,2018/01/01,,,500000,99,対象外,0,,500000,1,新品,SSKM0001,科目0001,,,STBS0001,設置場所0001,SKS0001,申告先0001,1,台,,,11,定額法,2,0.5,,,,1,0,1,,0,0,0,0,1,499999,0,0,50,利用期間均等（月）,0,,,,,0,0,0,,0,60,0,0,0,0,0,0,0,,0,,,,,0,0,0,,0,0,0,0,0,0,0,0,0,,false,0,0,,0,,,,,,,,,,,,,,,,,,,,,,,,,2018/01/01,,2023/02/15 22:22:29,Lily test14
655,1,20,事業供用開始,20,事業供用中（償却中）,start_usage100,パソコン,2018/01/01,,,500000,99,対象外,0,,500000,1,新品,SSKM0001,科目0001,,,STBS0001,設置場所0001,SKS0001,申告先0001,1,台,,,11,定額法,2,0.5,,,,1,0,1,,0,0,0,0,1,499999,0,0,50,利用期間均等（月）,0,,,,,0,0,0,,0,60,0,0,0,0,0,0,0,,0,,,,,0,0,0,,0,0,0,0,0,0,0,0,0,,false,0,0,,0,,,,,,,,,,,,,,,,,,,,,,,,,2018/01/01,,2023/02/15 22:22:27,Lily test14
656,1,20,事業供用開始,20,事業供用中（償却中）,start_usage101,パソコン,2018/01/01,,,500000,99,対象外,0,,500000,1,新品,SSKM0001,科目0001,,,STBS0001,設置場所0001,SKS0001,申告先0001,1,台,,,11,定額法,2,0.5,,,,1,0,1,,0,0,0,0,1,499999,0,0,50,利用期間均等（月）,0,,,,,0,0,0,,0,60,0,0,0,0,0,0,0,,0,,,,,0,0,0,,0,0,0,0,0,0,0,0,0,,false,0,0,,0,,,,,,,,,,,,,,,,,,,,,,,,,2018/01/01,,2023/02/15 22:22:26,Lily test14
657,1,20,事業供用開始,20,事業供用中（償却中）,start_usage102,パソコン,2018/01/01,,,500000,99,対象外,0,,500000,1,新品,SSKM0001,科目0001,,,STBS0001,設置場所0001,SKS0001,申告先0001,1,台,,,11,定額法,2,0.5,,,,1,0,1,,0,0,0,0,1,499999,0,0,50,利用期間均等（月）,0,,,,,0,0,0,,0,60,0,0,0,0,0,0,0,,0,,,,,0,0,0,,0,0,0,0,0,0,0,0,0,,false,0,0,,0,,,,,,,,,,,,,,,,,,,,,,,,,2018/01/01,,2023/02/15 22:22:24,Lily test14
658,1,20,事業供用開始,20,事業供用中（償却中）,start_usage103,パソコン,2018/01/01,,,500000,99,対象外,0,,500000,1,新品,SSKM0001,科目0001,,,STBS0001,設置場所0001,SKS0001,申告先0001,1,台,,,11,定額法,2,0.5,,,,1,0,1,,0,0,0,0,1,499999,0,0,50,利用期間均等（月）,0,,,,,0,0,0,,0,60,0,0,0,0,0,0,0,,0,,,,,0,0,0,,0,0,0,0,0,0,0,0,0,,false,0,0,,0,,,,,,,,,,,,,,,,,,,,,,,,,2018/01/01,,2023/02/15 22:22:23,Lily test14
659,1,20,事業供用開始,20,事業供用中（償却中）,start_usage104,パソコン,2018/01/01,,,500000,99,対象外,0,,500000,1,新品,SSKM0001,科目0001,,,STBS0001,設置場所0001,SKS0001,申告先0001,1,台,,,11,定額法,2,0.5,,,,1,0,1,,0,0,0,0,1,499999,0,0,50,利用期間均等（月）,0,,,,,0,0,0,,0,60,0,0,0,0,0,0,0,,0,,,,,0,0,0,,0,0,0,0,0,0,0,0,0,,false,0,0,,0,,,,,,,,,,,,,,,,,,,,,,,,,2018/01/01,,2023/02/15 22:22:21,Lily test14
660,1,20,事業供用開始,20,事業供用中（償却中）,start_usage105,パソコン,2018/01/01,,,500000,99,対象外,0,,500000,1,新品,SSKM0001,科目0001,,,STBS0001,設置場所0001,SKS0001,申告先0001,1,台,,,11,定額法,2,0.5,,,,1,0,1,,0,0,0,0,1,499999,0,0,50,利用期間均等（月）,0,,,,,0,0,0,,0,60,0,0,0,0,0,0,0,,0,,,,,0,0,0,,0,0,0,0,0,0,0,0,0,,false,0,0,,0,,,,,,,,,,,,,,,,,,,,,,,,,2018/01/01,,2023/02/15 22:22:19,Lily test14
661,1,20,事業供用開始,20,事業供用中（償却中）,start_usage106,パソコン,2018/01/01,,,500000,99,対象外,0,,500000,1,新品,SSKM0001,科目0001,,,STBS0001,設置場所0001,SKS0001,申告先0001,1,台,,,22,定率法（200%）,5,0.4,0.108,,0.5,1,0,1,,0,0,0,0,1,499999,0,0,99,対象外,0,,,,,0,0,0,0,0,0,0,0,0,0,0,0,0,,0,,,,,0,0,0,,0,0,0,0,0,0,0,0,0,,false,0,0,,0,,,,,,,,,,,,,,,,,,,,,,,,,2018/01/01,,2023/02/15 22:22:43,Lily test14
662,1,20,事業供用開始,20,事業供用中（償却中）,start_usage107,パソコン,2018/01/01,,,500000,99,対象外,0,,500000,1,新品,SSKM0001,科目0001,,,STBS0001,設置場所0001,SKS0001,申告先0001,1,台,,,22,定率法（200%）,5,0.4,0.108,,0.5,1,0,1,,0,0,0,0,1,499999,0,0,99,対象外,0,,,,,0,0,0,0,0,0,0,0,0,0,0,0,0,,0,,,,,0,0,0,,0,0,0,0,0,0,0,0,0,,false,0,0,,0,,,,,,,,,,,,,,,,,,,,,,,,,2018/01/01,,2023/02/15 22:22:43,Lily test14
663,1,20,事業供用開始,20,事業供用中（償却中）,start_usage108,パソコン,2018/01/01,,,500000,99,対象外,0,,500000,1,新品,SSKM0001,科目0001,,,STBS0001,設置場所0001,SKS0001,申告先0001,1,台,,,22,定率法（200%）,5,0.4,0.108,,0.5,1,0,1,,0,0,0,0,1,499999,0,0,99,対象外,0,,,,,0,0,0,0,0,0,0,0,0,0,0,0,0,,0,,,,,0,0,0,,0,0,0,0,0,0,0,0,0,,false,0,0,,0,,,,,,,,,,,,,,,,,,,,,,,,,2018/01/01,,2023/02/15 22:22:43,Lily test14
664,1,20,事業供用開始,20,事業供用中（償却中）,start_usage109,パソコン,2018/01/01,,,500000,99,対象外,0,,500000,1,新品,SSKM0001,科目0001,,,STBS0001,設置場所0001,SKS0001,申告先0001,1,台,,,22,定率法（200%）,5,0.4,0.108,,0.5,1,0,1,,0,0,0,0,1,499999,0,0,99,対象外,0,,,,,0,0,0,0,0,0,0,0,0,0,0,0,0,,0,,,,,0,0,0,,0,0,0,0,0,0,0,0,0,,false,0,0,,0,,,,,,,,,,,,,,,,,,,,,,,,,2018/01/01,,2023/02/15 22:22:43,Lily test14
665,1,20,事業供用開始,20,事業供用中（償却中）,start_usage110,パソコン,2018/01/01,,,500000,99,対象外,0,,500000,1,新品,SSKM0001,科目0001,,,STBS0001,設置場所0001,SKS0001,申告先0001,1,台,,,22,定率法（200%）,5,0.4,0.108,,0.5,1,0,1,,0,0,0,0,1,499999,0,0,99,対象外,0,,,,,0,0,0,0,0,0,0,0,0,0,0,0,0,,0,,,,,0,0,0,,0,0,0,0,0,0,0,0,0,,false,0,0,,0,,,,,,,,,,,,,,,,,,,,,,,,,2018/01/01,,2023/02/15 22:22:43,Lily test14
666,1,20,事業供用開始,20,事業供用中（償却中）,start_usage111,パソコン,2018/01/01,,,500000,99,対象外,0,,500000,1,新品,SSKM0001,科目0001,,,STBS0001,設置場所0001,SKS0001,申告先0001,1,台,,,22,定率法（200%）,5,0.4,0.108,,0.5,1,0,1,,0,0,0,0,1,499999,0,0,99,対象外,0,,,,,0,0,0,0,0,0,0,0,0,0,0,0,0,,0,,,,,0,0,0,,0,0,0,0,0,0,0,0,0,,false,0,0,,0,,,,,,,,,,,,,,,,,,,,,,,,,2018/01/01,,2023/02/15 22:22:43,Lily test14
667,1,20,事業供用開始,20,事業供用中（償却中）,start_usage112,パソコン,2018/01/01,,,500000,99,対象外,0,,500000,1,新品,SSKM0001,科目0001,,,STBS0001,設置場所0001,SKS0001,申告先0001,1,台,,,22,定率法（200%）,5,0.4,0.108,,0.5,1,0,1,,0,0,0,0,1,499999,0,0,99,対象外,0,,,,,0,0,0,0,0,0,0,0,0,0,0,0,0,,0,,,,,0,0,0,,0,0,0,0,0,0,0,0,0,,false,0,0,,0,,,,,,,,,,,,,,,,,,,,,,,,,2018/01/01,,2023/02/15 22:22:43,Lily test14
668,1,20,事業供用開始,20,事業供用中（償却中）,start_usage113,パソコン,2018/01/01,,,500000,99,対象外,0,,500000,1,新品,SSKM0001,科目0001,,,STBS0001,設置場所0001,SKS0001,申告先0001,1,台,,,22,定率法（200%）,5,0.4,0.108,,0.5,1,0,1,,0,0,0,0,1,499999,0,0,99,対象外,0,,,,,0,0,0,0,0,0,0,0,0,0,0,0,0,,0,,,,,0,0,0,,0,0,0,0,0,0,0,0,0,,false,0,0,,0,,,,,,,,,,,,,,,,,,,,,,,,,2018/01/01,,2023/02/15 22:22:43,Lily test14
669,1,20,事業供用開始,20,事業供用中（償却中）,start_usage114,パソコン,2018/01/01,,,500000,99,対象外,0,,500000,1,新品,SSKM0001,科目0001,,,STBS0001,設置場所0001,SKS0001,申告先0001,1,台,,,22,定率法（200%）,5,0.4,0.108,,0.5,1,0,1,,0,0,0,0,1,499999,0,0,99,対象外,0,,,,,0,0,0,0,0,0,0,0,0,0,0,0,0,,0,,,,,0,0,0,,0,0,0,0,0,0,0,0,0,,false,0,0,,0,,,,,,,,,,,,,,,,,,,,,,,,,2018/01/01,,2023/02/15 22:22:43,Lily test14
670,1,20,事業供用開始,20,事業供用中（償却中）,start_usage115,パソコン,2018/01/01,,,500000,99,対象外,0,,500000,1,新品,SSKM0001,科目0001,,,STBS0001,設置場所0001,SKS0001,申告先0001,1,台,,,22,定率法（200%）,5,0.4,0.108,,0.5,1,0,1,,0,0,0,0,1,499999,0,0,99,対象外,0,,,,,0,0,0,0,0,0,0,0,0,0,0,0,0,,0,,,,,0,0,0,,0,0,0,0,0,0,0,0,0,,false,0,0,,0,,,,,,,,,,,,,,,,,,,,,,,,,2018/01/01,,2023/02/15 22:22:43,Lily test14
671,1,20,事業供用開始,20,事業供用中（償却中）,start_usage116,パソコン,2018/01/01,,,500000,99,対象外,0,,500000,1,新品,SSKM0001,科目0001,,,STBS0001,設置場所0001,SKS0001,申告先0001,1,台,,,22,定率法（200%）,5,0.4,0.108,,0.5,1,0,1,,0,0,0,0,1,499999,0,0,99,対象外,0,,,,,0,0,0,0,0,0,0,0,0,0,0,0,0,,0,,,,,0,0,0,,0,0,0,0,0,0,0,0,0,,false,0,0,,0,,,,,,,,,,,,,,,,,,,,,,,,,2018/01/01,,2023/02/15 22:22:43,Lily test14
672,1,20,事業供用開始,20,事業供用中（償却中）,start_usage117,パソコン,2018/01/01,,,500000,99,対象外,0,,500000,1,新品,SSKM0001,科目0001,,,STBS0001,設置場所0001,SKS0001,申告先0001,1,台,,,22,定率法（200%）,5,0.4,0.108,,0.5,1,0,1,,0,0,0,0,1,499999,0,0,99,対象外,0,,,,,0,0,0,0,0,0,0,0,0,0,0,0,0,,0,,,,,0,0,0,,0,0,0,0,0,0,0,0,0,,false,0,0,,0,,,,,,,,,,,,,,,,,,,,,,,,,2018/01/01,,2023/02/15 22:22:43,Lily test14
673,1,20,事業供用開始,20,事業供用中（償却中）,start_usage118,パソコン,2018/01/01,,,500000,99,対象外,0,,500000,1,新品,SSKM0001,科目0001,,,STBS0001,設置場所0001,SKS0001,申告先0001,1,台,,,22,定率法（200%）,5,0.4,0.108,,0.5,1,0,1,,0,0,0,0,1,499999,0,0,99,対象外,0,,,,,0,0,0,0,0,0,0,0,0,0,0,0,0,,0,,,,,0,0,0,,0,0,0,0,0,0,0,0,0,,false,0,0,,0,,,,,,,,,,,,,,,,,,,,,,,,,2018/01/01,,2023/02/15 22:22:43,Lily test14
674,1,20,事業供用開始,20,事業供用中（償却中）,start_usage119,パソコン,2018/01/01,,,500000,99,対象外,0,,500000,1,新品,SSKM0001,科目0001,,,STBS0001,設置場所0001,SKS0001,申告先0001,1,台,,,22,定率法（200%）,5,0.4,0.108,,0.5,1,0,1,,0,0,0,0,1,499999,0,0,99,対象外,0,,,,,0,0,0,0,0,0,0,0,0,0,0,0,0,,0,,,,,0,0,0,,0,0,0,0,0,0,0,0,0,,false,0,0,,0,,,,,,,,,,,,,,,,,,,,,,,,,2018/01/01,,2023/02/15 22:22:43,Lily test14
675,1,20,事業供用開始,20,事業供用中（償却中）,start_usage120,パソコン,2018/01/01,,,500000,99,対象外,0,,500000,1,新品,SSKM0001,科目0001,,,STBS0001,設置場所0001,SKS0001,申告先0001,1,台,,,22,定率法（200%）,5,0.4,0.108,,0.5,1,0,1,,0,0,0,0,1,499999,0,0,99,対象外,0,,,,,0,0,0,0,0,0,0,0,0,0,0,0,0,,0,,,,,0,0,0,,0,0,0,0,0,0,0,0,0,,false,0,0,,0,,,,,,,,,,,,,,,,,,,,,,,,,2018/01/01,,2023/02/15 22:22:43,Lily test14
676,1,20,事業供用開始,20,事業供用中（償却中）,start_usage121,パソコン,2018/01/01,,,500000,99,対象外,0,,500000,1,新品,SSKM0001,科目0001,,,STBS0001,設置場所0001,SKS0001,申告先0001,1,台,,,22,定率法（200%）,5,0.4,0.108,,0.5,1,0,1,,0,0,0,0,1,499999,0,0,22,定率法（200%）,5,0.4,0.108,,0.5,1,0,1,,0,0,0,0,1,0,0,0,0,,0,,,,,0,0,0,,0,0,0,0,0,0,0,0,0,,false,0,0,,0,,,,,,,,,,,,,,,,,,,,,,,,,2018/01/01,,2023/02/15 22:22:43,Lily test14
677,1,20,事業供用開始,20,事業供用中（償却中）,start_usage122,パソコン,2018/01/01,,,500000,99,対象外,0,,500000,1,新品,SSKM0001,科目0001,,,STBS0001,設置場所0001,SKS0001,申告先0001,1,台,,,22,定率法（200%）,5,0.4,0.108,,0.5,1,0,1,,0,0,0,0,1,499999,0,0,22,定率法（200%）,5,0.4,0.108,,0.5,1,0,1,,0,0,0,0,1,0,0,0,0,,0,,,,,0,0,0,,0,0,0,0,0,0,0,0,0,,false,0,0,,0,,,,,,,,,,,,,,,,,,,,,,,,,2018/01/01,,2023/02/15 22:22:43,Lily test14
678,1,20,事業供用開始,20,事業供用中（償却中）,start_usage123,パソコン,2018/01/01,,,500000,99,対象外,0,,500000,1,新品,SSKM0001,科目0001,,,STBS0001,設置場所0001,SKS0001,申告先0001,1,台,,,22,定率法（200%）,5,0.4,0.108,,0.5,1,0,1,,0,0,0,0,1,499999,0,0,22,定率法（200%）,5,0.4,0.108,,0.5,1,0,1,,0,0,0,0,1,0,0,0,0,,0,,,,,0,0,0,,0,0,0,0,0,0,0,0,0,,false,0,0,,0,,,,,,,,,,,,,,,,,,,,,,,,,2018/01/01,,2023/02/15 22:22:43,Lily test14
679,1,20,事業供用開始,20,事業供用中（償却中）,start_usage124,パソコン,2018/01/01,,,500000,99,対象外,0,,500000,1,新品,SSKM0001,科目0001,,,STBS0001,設置場所0001,SKS0001,申告先0001,1,台,,,22,定率法（200%）,5,0.4,0.108,,0.5,1,0,1,,0,0,0,0,1,499999,0,0,22,定率法（200%）,5,0.4,0.108,,0.5,1,0,1,,0,0,0,0,1,0,0,0,0,,0,,,,,0,0,0,,0,0,0,0,0,0,0,0,0,,false,0,0,,0,,,,,,,,,,,,,,,,,,,,,,,,,2018/01/01,,2023/02/15 22:22:43,Lily test14
680,1,20,事業供用開始,20,事業供用中（償却中）,start_usage125,パソコン,2018/01/01,,,500000,99,対象外,0,,500000,1,新品,SSKM0001,科目0001,,,STBS0001,設置場所0001,SKS0001,申告先0001,1,台,,,22,定率法（200%）,5,0.4,0.108,,0.5,1,0,1,,0,0,0,0,1,499999,0,0,22,定率法（200%）,5,0.4,0.108,,0.5,1,0,1,,0,0,0,0,1,0,0,0,0,,0,,,,,0,0,0,,0,0,0,0,0,0,0,0,0,,false,0,0,,0,,,,,,,,,,,,,,,,,,,,,,,,,2018/01/01,,2023/02/15 22:22:43,Lily test14
681,1,20,事業供用開始,20,事業供用中（償却中）,start_usage126,パソコン,2018/01/01,,,500000,99,対象外,0,,500000,1,新品,SSKM0001,科目0001,,,STBS0001,設置場所0001,SKS0001,申告先0001,1,台,,,22,定率法（200%）,5,0.4,0.108,,0.5,1,0,1,,0,0,0,0,1,499999,0,0,22,定率法（200%）,5,0.4,0.108,,0.5,1,0,1,,0,0,0,0,1,0,0,0,0,,0,,,,,0,0,0,,0,0,0,0,0,0,0,0,0,,false,0,0,,0,,,,,,,,,,,,,,,,,,,,,,,,,2018/01/01,,2023/02/15 22:22:43,Lily test14
682,1,20,事業供用開始,20,事業供用中（償却中）,start_usage127,パソコン,2018/01/01,,,500000,99,対象外,0,,500000,1,新品,SSKM0001,科目0001,,,STBS0001,設置場所0001,SKS0001,申告先0001,1,台,,,22,定率法（200%）,5,0.4,0.108,,0.5,1,0,1,,0,0,0,0,1,499999,0,0,22,定率法（200%）,5,0.4,0.108,,0.5,1,0,1,,0,0,0,0,1,0,0,0,0,,0,,,,,0,0,0,,0,0,0,0,0,0,0,0,0,,false,0,0,,0,,,,,,,,,,,,,,,,,,,,,,,,,2018/01/01,,2023/02/15 22:22:43,Lily test14
683,1,20,事業供用開始,20,事業供用中（償却中）,start_usage128,パソコン,2018/01/01,,,500000,99,対象外,0,,500000,1,新品,SSKM0001,科目0001,,,STBS0001,設置場所0001,SKS0001,申告先0001,1,台,,,22,定率法（200%）,5,0.4,0.108,,0.5,1,0,1,,0,0,0,0,1,499999,0,0,22,定率法（200%）,5,0.4,0.108,,0.5,1,0,1,,0,0,0,0,1,0,0,0,0,,0,,,,,0,0,0,,0,0,0,0,0,0,0,0,0,,false,0,0,,0,,,,,,,,,,,,,,,,,,,,,,,,,2018/01/01,,2023/02/15 22:22:43,Lily test14
684,1,20,事業供用開始,20,事業供用中（償却中）,start_usage129,パソコン,2018/01/01,,,500000,99,対象外,0,,500000,1,新品,SSKM0001,科目0001,,,STBS0001,設置場所0001,SKS0001,申告先0001,1,台,,,22,定率法（200%）,5,0.4,0.108,,0.5,1,0,1,,0,0,0,0,1,499999,0,0,22,定率法（200%）,5,0.4,0.108,,0.5,1,0,1,,0,0,0,0,1,0,0,0,0,,0,,,,,0,0,0,,0,0,0,0,0,0,0,0,0,,false,0,0,,0,,,,,,,,,,,,,,,,,,,,,,,,,2018/01/01,,2023/02/15 22:22:43,Lily test14
685,1,20,事業供用開始,20,事業供用中（償却中）,start_usage130,パソコン,2018/01/01,,,500000,99,対象外,0,,500000,1,新品,SSKM0001,科目0001,,,STBS0001,設置場所0001,SKS0001,申告先0001,1,台,,,22,定率法（200%）,5,0.4,0.108,,0.5,1,0,1,,0,0,0,0,1,499999,0,0,22,定率法（200%）,5,0.4,0.108,,0.5,1,0,1,,0,0,0,0,1,0,0,0,0,,0,,,,,0,0,0,,0,0,0,0,0,0,0,0,0,,false,0,0,,0,,,,,,,,,,,,,,,,,,,,,,,,,2018/01/01,,2023/02/15 22:22:43,Lily test14
686,1,20,事業供用開始,20,事業供用中（償却中）,start_usage131,パソコン,2018/01/01,,,500000,99,対象外,0,,500000,1,新品,SSKM0001,科目0001,,,STBS0001,設置場所0001,SKS0001,申告先0001,1,台,,,22,定率法（200%）,5,0.4,0.108,,0.5,1,0,1,,0,0,0,0,1,499999,0,0,22,定率法（200%）,5,0.4,0.108,,0.5,1,0,1,,0,0,0,0,1,0,0,0,0,,0,,,,,0,0,0,,0,0,0,0,0,0,0,0,0,,false,0,0,,0,,,,,,,,,,,,,,,,,,,,,,,,,2018/01/01,,2023/02/15 22:22:43,Lily test14
687,1,20,事業供用開始,20,事業供用中（償却中）,start_usage132,パソコン,2018/01/01,,,500000,99,対象外,0,,500000,1,新品,SSKM0001,科目0001,,,STBS0001,設置場所0001,SKS0001,申告先0001,1,台,,,22,定率法（200%）,5,0.4,0.108,,0.5,1,0,1,,0,0,0,0,1,499999,0,0,22,定率法（200%）,5,0.4,0.108,,0.5,1,0,1,,0,0,0,0,1,0,0,0,0,,0,,,,,0,0,0,,0,0,0,0,0,0,0,0,0,,false,0,0,,0,,,,,,,,,,,,,,,,,,,,,,,,,2018/01/01,,2023/02/15 22:22:43,Lily test14
688,1,20,事業供用開始,20,事業供用中（償却中）,start_usage133,パソコン,2018/01/01,,,500000,99,対象外,0,,500000,1,新品,SSKM0001,科目0001,,,STBS0001,設置場所0001,SKS0001,申告先0001,1,台,,,22,定率法（200%）,5,0.4,0.108,,0.5,1,0,1,,0,0,0,0,1,499999,0,0,22,定率法（200%）,5,0.4,0.108,,0.5,1,0,1,,0,0,0,0,1,0,0,0,0,,0,,,,,0,0,0,,0,0,0,0,0,0,0,0,0,,false,0,0,,0,,,,,,,,,,,,,,,,,,,,,,,,,2018/01/01,,2023/02/15 22:22:43,Lily test14
689,1,20,事業供用開始,20,事業供用中（償却中）,start_usage134,パソコン,2018/01/01,,,500000,99,対象外,0,,500000,1,新品,SSKM0001,科目0001,,,STBS0001,設置場所0001,SKS0001,申告先0001,1,台,,,22,定率法（200%）,5,0.4,0.108,,0.5,1,0,1,,0,0,0,0,1,499999,0,0,22,定率法（200%）,5,0.4,0.108,,0.5,1,0,1,,0,0,0,0,1,0,0,0,0,,0,,,,,0,0,0,,0,0,0,0,0,0,0,0,0,,false,0,0,,0,,,,,,,,,,,,,,,,,,,,,,,,,2018/01/01,,2023/02/15 22:22:43,Lily test14
690,1,20,事業供用開始,20,事業供用中（償却中）,start_usage135,パソコン,2018/01/01,,,500000,99,対象外,0,,500000,1,新品,SSKM0001,科目0001,,,STBS0001,設置場所0001,SKS0001,申告先0001,1,台,,,22,定率法（200%）,5,0.4,0.108,,0.5,1,0,1,,0,0,0,0,1,499999,0,0,22,定率法（200%）,5,0.4,0.108,,0.5,1,0,1,,0,0,0,0,1,0,0,0,0,,0,,,,,0,0,0,,0,0,0,0,0,0,0,0,0,,false,0,0,,0,,,,,,,,,,,,,,,,,,,,,,,,,2018/01/01,,2023/02/15 22:22:43,Lily test14
691,1,20,事業供用開始,20,事業供用中（償却中）,start_usage136,パソコン,2018/01/01,,,500000,99,対象外,0,,500000,1,新品,SSKM0001,科目0001,,,STBS0001,設置場所0001,SKS0001,申告先0001,1,台,,,22,定率法（200%）,3,0.667,0.11089,,1,1,0,1,,0,0,0,0,1,499999,0,0,22,定率法（200%）,5,0.4,0.108,,0.5,1,0,1,,0,0,0,0,1,0,0,0,0,,0,,,,,0,0,0,,0,0,0,0,0,0,0,0,0,,false,0,0,,0,,,,,,,,,,,,,,,,,,,,,,,,,2018/01/01,,2023/02/15 22:22:42,Lily test14
692,1,20,事業供用開始,20,事業供用中（償却中）,start_usage137,パソコン,2018/01/01,,,500000,99,対象外,0,,500000,1,新品,SSKM0001,科目0001,,,STBS0001,設置場所0001,SKS0001,申告先0001,1,台,,,22,定率法（200%）,3,0.667,0.11089,,1,1,0,1,,0,0,0,0,1,499999,0,0,22,定率法（200%）,5,0.4,0.108,,0.5,1,0,1,,0,0,0,0,1,0,0,0,0,,0,,,,,0,0,0,,0,0,0,0,0,0,0,0,0,,false,0,0,,0,,,,,,,,,,,,,,,,,,,,,,,,,2018/01/01,,2023/02/15 22:22:42,Lily test14
693,1,20,事業供用開始,20,事業供用中（償却中）,start_usage138,パソコン,2018/01/01,,,500000,99,対象外,0,,500000,1,新品,SSKM0001,科目0001,,,STBS0001,設置場所0001,SKS0001,申告先0001,1,台,,,22,定率法（200%）,3,0.667,0.11089,,1,1,0,1,,0,0,0,0,1,499999,0,0,22,定率法（200%）,5,0.4,0.108,,0.5,1,0,1,,0,0,0,0,1,0,0,0,0,,0,,,,,0,0,0,,0,0,0,0,0,0,0,0,0,,false,0,0,,0,,,,,,,,,,,,,,,,,,,,,,,,,2018/01/01,,2023/02/15 22:22:42,Lily test14
694,1,20,事業供用開始,20,事業供用中（償却中）,start_usage139,パソコン,2018/01/01,,,500000,99,対象外,0,,500000,1,新品,SSKM0001,科目0001,,,STBS0001,設置場所0001,SKS0001,申告先0001,1,台,,,22,定率法（200%）,3,0.667,0.11089,,1,1,0,1,,0,0,0,0,1,499999,0,0,22,定率法（200%）,5,0.4,0.108,,0.5,1,0,1,,0,0,0,0,1,0,0,0,0,,0,,,,,0,0,0,,0,0,0,0,0,0,0,0,0,,false,0,0,,0,,,,,,,,,,,,,,,,,,,,,,,,,2018/01/01,,2023/02/15 22:22:42,Lily test14
695,1,20,事業供用開始,20,事業供用中（償却中）,start_usage140,パソコン,2018/01/01,,,500000,99,対象外,0,,500000,1,新品,SSKM0001,科目0001,,,STBS0001,設置場所0001,SKS0001,申告先0001,1,台,,,22,定率法（200%）,3,0.667,0.11089,,1,1,0,1,,0,0,0,0,1,499999,0,0,22,定率法（200%）,5,0.4,0.108,,0.5,1,0,1,,0,0,0,0,1,0,0,0,0,,0,,,,,0,0,0,,0,0,0,0,0,0,0,0,0,,false,0,0,,0,,,,,,,,,,,,,,,,,,,,,,,,,2018/01/01,,2023/02/15 22:22:42,Lily test14
696,1,20,事業供用開始,20,事業供用中（償却中）,start_usage141,パソコン,2018/01/01,,,500000,99,対象外,0,,500000,1,新品,SSKM0001,科目0001,,,STBS0001,設置場所0001,SKS0001,申告先0001,1,台,,,22,定率法（200%）,3,0.667,0.11089,,1,1,0,1,,0,0,0,0,1,499999,0,0,22,定率法（200%）,5,0.4,0.108,,0.5,1,0,1,,0,0,0,0,1,0,0,0,0,,0,,,,,0,0,0,,0,0,0,0,0,0,0,0,0,,false,0,0,,0,,,,,,,,,,,,,,,,,,,,,,,,,2018/01/01,,2023/02/15 22:22:42,Lily test14
697,1,20,事業供用開始,20,事業供用中（償却中）,start_usage142,パソコン,2018/01/01,,,500000,99,対象外,0,,500000,1,新品,SSKM0001,科目0001,,,STBS0001,設置場所0001,SKS0001,申告先0001,1,台,,,22,定率法（200%）,3,0.667,0.11089,,1,1,0,1,,0,0,0,0,1,499999,0,0,22,定率法（200%）,5,0.4,0.108,,0.5,1,0,1,,0,0,0,0,1,0,0,0,0,,0,,,,,0,0,0,,0,0,0,0,0,0,0,0,0,,false,0,0,,0,,,,,,,,,,,,,,,,,,,,,,,,,2018/01/01,,2023/02/15 22:22:42,Lily test14
698,1,20,事業供用開始,20,事業供用中（償却中）,start_usage143,パソコン,2018/01/01,,,500000,99,対象外,0,,500000,1,新品,SSKM0001,科目0001,,,STBS0001,設置場所0001,SKS0001,申告先0001,1,台,,,22,定率法（200%）,3,0.667,0.11089,,1,1,0,1,,0,0,0,0,1,499999,0,0,22,定率法（200%）,5,0.4,0.108,,0.5,1,0,1,,0,0,0,0,1,0,0,0,0,,0,,,,,0,0,0,,0,0,0,0,0,0,0,0,0,,false,0,0,,0,,,,,,,,,,,,,,,,,,,,,,,,,2018/01/01,,2023/02/15 22:22:42,Lily test14
699,1,20,事業供用開始,20,事業供用中（償却中）,start_usage144,パソコン,2018/01/01,,,500000,99,対象外,0,,500000,1,新品,SSKM0001,科目0001,,,STBS0001,設置場所0001,SKS0001,申告先0001,1,台,,,22,定率法（200%）,3,0.667,0.11089,,1,1,0,1,,0,0,0,0,1,499999,0,0,22,定率法（200%）,5,0.4,0.108,,0.5,1,0,1,,0,0,0,0,1,0,0,0,0,,0,,,,,0,0,0,,0,0,0,0,0,0,0,0,0,,false,0,0,,0,,,,,,,,,,,,,,,,,,,,,,,,,2018/01/01,,2023/02/15 22:22:42,Lily test14
700,1,20,事業供用開始,20,事業供用中（償却中）,start_usage145,パソコン,2018/01/01,,,500000,99,対象外,0,,500000,1,新品,SSKM0001,科目0001,,,STBS0001,設置場所0001,SKS0001,申告先0001,1,台,,,22,定率法（200%）,3,0.667,0.11089,,1,1,0,1,,0,0,0,0,1,499999,0,0,22,定率法（200%）,5,0.4,0.108,,0.5,1,0,1,,0,0,0,0,1,0,0,0,0,,0,,,,,0,0,0,,0,0,0,0,0,0,0,0,0,,false,0,0,,0,,,,,,,,,,,,,,,,,,,,,,,,,2018/01/01,,2023/02/15 22:22:42,Lily test14
701,1,20,事業供用開始,20,事業供用中（償却中）,start_usage146,パソコン,2018/01/01,,,500000,99,対象外,0,,500000,1,新品,SSKM0001,科目0001,,,STBS0001,設置場所0001,SKS0001,申告先0001,1,台,,,22,定率法（200%）,3,0.667,0.11089,,1,1,0,1,,0,0,0,0,1,499999,0,0,22,定率法（200%）,5,0.4,0.108,,0.5,1,0,1,,0,0,0,0,1,0,0,0,0,,0,,,,,0,0,0,,0,0,0,0,0,0,0,0,0,,false,0,0,,0,,,,,,,,,,,,,,,,,,,,,,,,,2018/01/01,,2023/02/15 22:22:42,Lily test14
702,1,20,事業供用開始,20,事業供用中（償却中）,start_usage147,パソコン,2018/01/01,,,500000,99,対象外,0,,500000,1,新品,SSKM0001,科目0001,,,STBS0001,設置場所0001,SKS0001,申告先0001,1,台,,,22,定率法（200%）,3,0.667,0.11089,,1,1,0,1,,0,0,0,0,1,499999,0,0,22,定率法（200%）,5,0.4,0.108,,0.5,1,0,1,,0,0,0,0,1,0,0,0,0,,0,,,,,0,0,0,,0,0,0,0,0,0,0,0,0,,false,0,0,,0,,,,,,,,,,,,,,,,,,,,,,,,,2018/01/01,,2023/02/15 22:22:42,Lily test14
703,1,20,事業供用開始,20,事業供用中（償却中）,start_usage148,パソコン,2018/01/01,,,500000,99,対象外,0,,500000,1,新品,SSKM0001,科目0001,,,STBS0001,設置場所0001,SKS0001,申告先0001,1,台,,,22,定率法（200%）,3,0.667,0.11089,,1,1,0,1,,0,0,0,0,1,499999,0,0,22,定率法（200%）,5,0.4,0.108,,0.5,1,0,1,,0,0,0,0,1,0,0,0,0,,0,,,,,0,0,0,,0,0,0,0,0,0,0,0,0,,false,0,0,,0,,,,,,,,,,,,,,,,,,,,,,,,,2018/01/01,,2023/02/15 22:22:42,Lily test14
704,1,20,事業供用開始,20,事業供用中（償却中）,start_usage149,パソコン,2018/01/01,,,500000,99,対象外,0,,500000,1,新品,SSKM0001,科目0001,,,STBS0001,設置場所0001,SKS0001,申告先0001,1,台,,,22,定率法（200%）,3,0.667,0.11089,,1,1,0,1,,0,0,0,0,1,499999,0,0,22,定率法（200%）,5,0.4,0.108,,0.5,1,0,1,,0,0,0,0,1,0,0,0,0,,0,,,,,0,0,0,,0,0,0,0,0,0,0,0,0,,false,0,0,,0,,,,,,,,,,,,,,,,,,,,,,,,,2018/01/01,,2023/02/15 22:22:42,Lily test14
705,1,20,事業供用開始,20,事業供用中（償却中）,start_usage150,パソコン,2018/01/01,,,500000,99,対象外,0,,500000,1,新品,SSKM0001,科目0001,,,STBS0001,設置場所0001,SKS0001,申告先0001,1,台,,,22,定率法（200%）,3,0.667,0.11089,,1,1,0,1,,0,0,0,0,1,499999,0,0,22,定率法（200%）,5,0.4,0.108,,0.5,1,0,1,,0,0,0,0,1,0,0,0,0,,0,,,,,0,0,0,,0,0,0,0,0,0,0,0,0,,false,0,0,,0,,,,,,,,,,,,,,,,,,,,,,,,,2018/01/01,,2023/02/15 22:22:42,Lily test14
706,1,20,事業供用開始,20,事業供用中（償却中）,start_usage151,パソコン,2018/01/01,,,190000,99,対象外,0,,190000,1,新品,SSKM0001,科目0001,,,STBS0001,設置場所0001,SKS0001,申告先0001,1,台,,,30,均等償却（一括償却資産）,3,,,,,0,0,0,,0,0,0,0,0,190000,0,0,30,均等償却（一括償却資産）,3,,,,,0,0,0,,0,0,0,0,0,0,0,0,0,,0,,,,,0,0,0,,0,0,0,0,0,0,0,0,0,,false,0,0,,0,,,,,,,,,,,,,,,,,,,,,,,,,2018/01/01,,2023/02/15 22:22:42,Lily test14
707,1,20,事業供用開始,20,事業供用中（償却中）,start_usage152,パソコン,2018/01/01,,,190000,99,対象外,0,,190000,1,新品,SSKM0001,科目0001,,,STBS0001,設置場所0001,SKS0001,申告先0001,1,台,,,30,均等償却（一括償却資産）,3,,,,,0,0,0,,0,0,0,0,0,190000,0,0,30,均等償却（一括償却資産）,3,,,,,0,0,0,,0,0,0,0,0,0,0,0,0,,0,,,,,0,0,0,,0,0,0,0,0,0,0,0,0,,false,0,0,,0,,,,,,,,,,,,,,,,,,,,,,,,,2018/01/01,,2023/02/15 22:22:42,Lily test14
708,1,20,事業供用開始,20,事業供用中（償却中）,start_usage153,パソコン,2018/01/01,,,190000,99,対象外,0,,190000,1,新品,SSKM0001,科目0001,,,STBS0001,設置場所0001,SKS0001,申告先0001,1,台,,,30,均等償却（一括償却資産）,3,,,,,0,0,0,,0,0,0,0,0,190000,0,0,30,均等償却（一括償却資産）,3,,,,,0,0,0,,0,0,0,0,0,0,0,0,0,,0,,,,,0,0,0,,0,0,0,0,0,0,0,0,0,,false,0,0,,0,,,,,,,,,,,,,,,,,,,,,,,,,2018/01/01,,2023/02/15 22:22:42,Lily test14
709,1,20,事業供用開始,20,事業供用中（償却中）,start_usage154,パソコン,2018/01/01,,,190000,99,対象外,0,,190000,1,新品,SSKM0001,科目0001,,,STBS0001,設置場所0001,SKS0001,申告先0001,1,台,,,30,均等償却（一括償却資産）,3,,,,,0,0,0,,0,0,0,0,0,190000,0,0,30,均等償却（一括償却資産）,3,,,,,0,0,0,,0,0,0,0,0,0,0,0,0,,0,,,,,0,0,0,,0,0,0,0,0,0,0,0,0,,false,0,0,,0,,,,,,,,,,,,,,,,,,,,,,,,,2018/01/01,,2023/02/15 22:22:42,Lily test14
710,1,20,事業供用開始,20,事業供用中（償却中）,start_usage155,パソコン,2018/01/01,,,190000,99,対象外,0,,190000,1,新品,SSKM0001,科目0001,,,STBS0001,設置場所0001,SKS0001,申告先0001,1,台,,,30,均等償却（一括償却資産）,3,,,,,0,0,0,,0,0,0,0,0,190000,0,0,30,均等償却（一括償却資産）,3,,,,,0,0,0,,0,0,0,0,0,0,0,0,0,,0,,,,,0,0,0,,0,0,0,0,0,0,0,0,0,,false,0,0,,0,,,,,,,,,,,,,,,,,,,,,,,,,2018/01/01,,2023/02/15 22:22:42,Lily test14
711,1,20,事業供用開始,20,事業供用中（償却中）,start_usage156,パソコン,2018/01/01,,,190000,99,対象外,0,,190000,1,新品,SSKM0001,科目0001,,,STBS0001,設置場所0001,SKS0001,申告先0001,1,台,,,30,均等償却（一括償却資産）,3,,,,,0,0,0,,0,0,0,0,0,190000,0,0,30,均等償却（一括償却資産）,3,,,,,0,0,0,,0,0,0,0,0,0,0,0,0,,0,,,,,0,0,0,,0,0,0,0,0,0,0,0,0,,false,0,0,,0,,,,,,,,,,,,,,,,,,,,,,,,,2018/01/01,,2023/02/15 22:22:42,Lily test14
712,1,20,事業供用開始,20,事業供用中（償却中）,start_usage157,パソコン,2018/01/01,,,190000,99,対象外,0,,190000,1,新品,SSKM0001,科目0001,,,STBS0001,設置場所0001,SKS0001,申告先0001,1,台,,,30,均等償却（一括償却資産）,3,,,,,0,0,0,,0,0,0,0,0,190000,0,0,30,均等償却（一括償却資産）,3,,,,,0,0,0,,0,0,0,0,0,0,0,0,0,,0,,,,,0,0,0,,0,0,0,0,0,0,0,0,0,,false,0,0,,0,,,,,,,,,,,,,,,,,,,,,,,,,2018/01/01,,2023/02/15 22:22:42,Lily test14
713,1,20,事業供用開始,20,事業供用中（償却中）,start_usage158,パソコン,2018/01/01,,,190000,99,対象外,0,,190000,1,新品,SSKM0001,科目0001,,,STBS0001,設置場所0001,SKS0001,申告先0001,1,台,,,30,均等償却（一括償却資産）,3,,,,,0,0,0,,0,0,0,0,0,190000,0,0,30,均等償却（一括償却資産）,3,,,,,0,0,0,,0,0,0,0,0,0,0,0,0,,0,,,,,0,0,0,,0,0,0,0,0,0,0,0,0,,false,0,0,,0,,,,,,,,,,,,,,,,,,,,,,,,,2018/01/01,,2023/02/15 22:22:42,Lily test14
714,1,20,事業供用開始,20,事業供用中（償却中）,start_usage159,パソコン,2018/01/01,,,190000,99,対象外,0,,190000,1,新品,SSKM0001,科目0001,,,STBS0001,設置場所0001,SKS0001,申告先0001,1,台,,,30,均等償却（一括償却資産）,3,,,,,0,0,0,,0,0,0,0,0,190000,0,0,30,均等償却（一括償却資産）,3,,,,,0,0,0,,0,0,0,0,0,0,0,0,0,,0,,,,,0,0,0,,0,0,0,0,0,0,0,0,0,,false,0,0,,0,,,,,,,,,,,,,,,,,,,,,,,,,2018/01/01,,2023/02/15 22:22:42,Lily test14
715,1,20,事業供用開始,20,事業供用中（償却中）,start_usage160,パソコン,2018/01/01,,,190000,99,対象外,0,,190000,1,新品,SSKM0001,科目0001,,,STBS0001,設置場所0001,SKS0001,申告先0001,1,台,,,30,均等償却（一括償却資産）,3,,,,,0,0,0,,0,0,0,0,0,190000,0,0,30,均等償却（一括償却資産）,3,,,,,0,0,0,,0,0,0,0,0,0,0,0,0,,0,,,,,0,0,0,,0,0,0,0,0,0,0,0,0,,false,0,0,,0,,,,,,,,,,,,,,,,,,,,,,,,,2018/01/01,,2023/02/15 22:22:42,Lily test14
716,1,20,事業供用開始,20,事業供用中（償却中）,start_usage161,パソコン,2018/01/01,,,190000,99,対象外,0,,190000,1,新品,SSKM0001,科目0001,,,STBS0001,設置場所0001,SKS0001,申告先0001,1,台,,,30,均等償却（一括償却資産）,3,,,,,0,0,0,,0,0,0,0,0,190000,0,0,30,均等償却（一括償却資産）,3,,,,,0,0,0,,0,0,0,0,0,0,0,0,0,,0,,,,,0,0,0,,0,0,0,0,0,0,0,0,0,,false,0,0,,0,,,,,,,,,,,,,,,,,,,,,,,,,2018/01/01,,2023/02/15 22:22:42,Lily test14
717,1,20,事業供用開始,20,事業供用中（償却中）,start_usage162,パソコン,2018/01/01,,,190000,99,対象外,0,,190000,1,新品,SSKM0001,科目0001,,,STBS0001,設置場所0001,SKS0001,申告先0001,1,台,,,30,均等償却（一括償却資産）,3,,,,,0,0,0,,0,0,0,0,0,190000,0,0,30,均等償却（一括償却資産）,3,,,,,0,0,0,,0,0,0,0,0,0,0,0,0,,0,,,,,0,0,0,,0,0,0,0,0,0,0,0,0,,false,0,0,,0,,,,,,,,,,,,,,,,,,,,,,,,,2018/01/01,,2023/02/15 22:22:42,Lily test14
718,1,20,事業供用開始,20,事業供用中（償却中）,start_usage163,パソコン,2018/01/01,,,190000,99,対象外,0,,190000,1,新品,SSKM0001,科目0001,,,STBS0001,設置場所0001,SKS0001,申告先0001,1,台,,,30,均等償却（一括償却資産）,3,,,,,0,0,0,,0,0,0,0,0,190000,0,0,30,均等償却（一括償却資産）,3,,,,,0,0,0,,0,0,0,0,0,0,0,0,0,,0,,,,,0,0,0,,0,0,0,0,0,0,0,0,0,,false,0,0,,0,,,,,,,,,,,,,,,,,,,,,,,,,2018/01/01,,2023/02/15 22:22:42,Lily test14
719,1,20,事業供用開始,20,事業供用中（償却中）,start_usage164,パソコン,2018/01/01,,,190000,99,対象外,0,,190000,1,新品,SSKM0001,科目0001,,,STBS0001,設置場所0001,SKS0001,申告先0001,1,台,,,30,均等償却（一括償却資産）,3,,,,,0,0,0,,0,0,0,0,0,190000,0,0,30,均等償却（一括償却資産）,3,,,,,0,0,0,,0,0,0,0,0,0,0,0,0,,0,,,,,0,0,0,,0,0,0,0,0,0,0,0,0,,false,0,0,,0,,,,,,,,,,,,,,,,,,,,,,,,,2018/01/01,,2023/02/15 22:22:42,Lily test14
720,1,20,事業供用開始,20,事業供用中（償却中）,start_usage165,パソコン,2018/01/01,,,190000,99,対象外,0,,190000,1,新品,SSKM0001,科目0001,,,STBS0001,設置場所0001,SKS0001,申告先0001,1,台,,,30,均等償却（一括償却資産）,3,,,,,0,0,0,,0,0,0,0,0,190000,0,0,30,均等償却（一括償却資産）,3,,,,,0,0,0,,0,0,0,0,0,0,0,0,0,,0,,,,,0,0,0,,0,0,0,0,0,0,0,0,0,,false,0,0,,0,,,,,,,,,,,,,,,,,,,,,,,,,2018/01/01,,2023/02/15 22:22:42,Lily test14
721,1,20,事業供用開始,20,事業供用中（償却中）,start_usage166,パソコン,2018/01/01,,,500000,99,対象外,0,,500000,1,新品,SSKM0001,科目0001,,,STBS0001,設置場所0001,SKS0001,申告先0001,1,台,,,40,均等償却（繰延資産）,5,,,,,0,0,0,,0,60,0,0,0,500000,0,0,22,定率法（200%）,5,0.4,0.108,,0.5,1,0,1,,0,0,0,0,1,0,0,0,0,,0,,,,,0,0,0,,0,0,0,0,0,0,0,0,0,,false,0,0,,0,,,,,,,,,,,,,,,,,,,,,,,,,2018/01/01,,2023/02/15 22:22:43,Lily test14
722,1,20,事業供用開始,20,事業供用中（償却中）,start_usage167,パソコン,2018/01/01,,,500000,99,対象外,0,,500000,1,新品,SSKM0001,科目0001,,,STBS0001,設置場所0001,SKS0001,申告先0001,1,台,,,40,均等償却（繰延資産）,5,,,,,0,0,0,,0,60,0,0,0,500000,0,0,22,定率法（200%）,5,0.4,0.108,,0.5,1,0,1,,0,0,0,0,1,0,0,0,0,,0,,,,,0,0,0,,0,0,0,0,0,0,0,0,0,,false,0,0,,0,,,,,,,,,,,,,,,,,,,,,,,,,2018/01/01,,2023/02/15 22:22:43,Lily test14
723,1,20,事業供用開始,20,事業供用中（償却中）,start_usage168,パソコン,2018/01/01,,,500000,99,対象外,0,,500000,1,新品,SSKM0001,科目0001,,,STBS0001,設置場所0001,SKS0001,申告先0001,1,台,,,40,均等償却（繰延資産）,5,,,,,0,0,0,,0,60,0,0,0,500000,0,0,22,定率法（200%）,5,0.4,0.108,,0.5,1,0,1,,0,0,0,0,1,0,0,0,0,,0,,,,,0,0,0,,0,0,0,0,0,0,0,0,0,,false,0,0,,0,,,,,,,,,,,,,,,,,,,,,,,,,2018/01/01,,2023/02/15 22:22:43,Lily test14
724,1,20,事業供用開始,20,事業供用中（償却中）,start_usage169,パソコン,2018/01/01,,,500000,99,対象外,0,,500000,1,新品,SSKM0001,科目0001,,,STBS0001,設置場所0001,SKS0001,申告先0001,1,台,,,40,均等償却（繰延資産）,5,,,,,0,0,0,,0,60,0,0,0,500000,0,0,22,定率法（200%）,5,0.4,0.108,,0.5,1,0,1,,0,0,0,0,1,0,0,0,0,,0,,,,,0,0,0,,0,0,0,0,0,0,0,0,0,,false,0,0,,0,,,,,,,,,,,,,,,,,,,,,,,,,2018/01/01,,2023/02/15 22:22:43,Lily test14
725,1,20,事業供用開始,20,事業供用中（償却中）,start_usage170,パソコン,2018/01/01,,,500000,99,対象外,0,,500000,1,新品,SSKM0001,科目0001,,,STBS0001,設置場所0001,SKS0001,申告先0001,1,台,,,40,均等償却（繰延資産）,5,,,,,0,0,0,,0,60,0,0,0,500000,0,0,22,定率法（200%）,5,0.4,0.108,,0.5,1,0,1,,0,0,0,0,1,0,0,0,0,,0,,,,,0,0,0,,0,0,0,0,0,0,0,0,0,,false,0,0,,0,,,,,,,,,,,,,,,,,,,,,,,,,2018/01/01,,2023/02/15 22:22:43,Lily test14
726,1,20,事業供用開始,20,事業供用中（償却中）,start_usage171,パソコン,2018/01/01,,,500000,99,対象外,0,,500000,1,新品,SSKM0001,科目0001,,,STBS0001,設置場所0001,SKS0001,申告先0001,1,台,,,40,均等償却（繰延資産）,5,,,,,0,0,0,,0,60,0,0,0,500000,0,0,22,定率法（200%）,5,0.4,0.108,,0.5,1,0,1,,0,0,0,0,1,0,0,0,0,,0,,,,,0,0,0,,0,0,0,0,0,0,0,0,0,,false,0,0,,0,,,,,,,,,,,,,,,,,,,,,,,,,2018/01/01,,2023/02/15 22:22:43,Lily test14
727,1,20,事業供用開始,20,事業供用中（償却中）,start_usage172,パソコン,2018/01/01,,,500000,99,対象外,0,,500000,1,新品,SSKM0001,科目0001,,,STBS0001,設置場所0001,SKS0001,申告先0001,1,台,,,40,均等償却（繰延資産）,5,,,,,0,0,0,,0,60,0,0,0,500000,0,0,22,定率法（200%）,5,0.4,0.108,,0.5,1,0,1,,0,0,0,0,1,0,0,0,0,,0,,,,,0,0,0,,0,0,0,0,0,0,0,0,0,,false,0,0,,0,,,,,,,,,,,,,,,,,,,,,,,,,2018/01/01,,2023/02/15 22:22:43,Lily test14
728,1,20,事業供用開始,20,事業供用中（償却中）,start_usage173,パソコン,2018/01/01,,,500000,99,対象外,0,,500000,1,新品,SSKM0001,科目0001,,,STBS0001,設置場所0001,SKS0001,申告先0001,1,台,,,40,均等償却（繰延資産）,5,,,,,0,0,0,,0,60,0,0,0,500000,0,0,22,定率法（200%）,5,0.4,0.108,,0.5,1,0,1,,0,0,0,0,1,0,0,0,0,,0,,,,,0,0,0,,0,0,0,0,0,0,0,0,0,,false,0,0,,0,,,,,,,,,,,,,,,,,,,,,,,,,2018/01/01,,2023/02/15 22:22:43,Lily test14
729,1,20,事業供用開始,20,事業供用中（償却中）,start_usage174,パソコン,2018/01/01,,,500000,99,対象外,0,,500000,1,新品,SSKM0001,科目0001,,,STBS0001,設置場所0001,SKS0001,申告先0001,1,台,,,40,均等償却（繰延資産）,5,,,,,0,0,0,,0,60,0,0,0,500000,0,0,22,定率法（200%）,5,0.4,0.108,,0.5,1,0,1,,0,0,0,0,1,0,0,0,0,,0,,,,,0,0,0,,0,0,0,0,0,0,0,0,0,,false,0,0,,0,,,,,,,,,,,,,,,,,,,,,,,,,2018/01/01,,2023/02/15 22:22:43,Lily test14
730,1,20,事業供用開始,20,事業供用中（償却中）,start_usage175,パソコン,2018/01/01,,,500000,99,対象外,0,,500000,1,新品,SSKM0001,科目0001,,,STBS0001,設置場所0001,SKS0001,申告先0001,1,台,,,40,均等償却（繰延資産）,5,,,,,0,0,0,,0,60,0,0,0,500000,0,0,22,定率法（200%）,5,0.4,0.108,,0.5,1,0,1,,0,0,0,0,1,0,0,0,0,,0,,,,,0,0,0,,0,0,0,0,0,0,0,0,0,,false,0,0,,0,,,,,,,,,,,,,,,,,,,,,,,,,2018/01/01,,2023/02/15 22:22:43,Lily test14
731,1,20,事業供用開始,20,事業供用中（償却中）,start_usage176,パソコン,2018/01/01,,,500000,99,対象外,0,,500000,1,新品,SSKM0001,科目0001,,,STBS0001,設置場所0001,SKS0001,申告先0001,1,台,,,40,均等償却（繰延資産）,5,,,,,0,0,0,,0,60,0,0,0,500000,0,0,22,定率法（200%）,5,0.4,0.108,,0.5,1,0,1,,0,0,0,0,1,0,0,0,0,,0,,,,,0,0,0,,0,0,0,0,0,0,0,0,0,,false,0,0,,0,,,,,,,,,,,,,,,,,,,,,,,,,2018/01/01,,2023/02/15 22:22:43,Lily test14
732,1,20,事業供用開始,20,事業供用中（償却中）,start_usage177,パソコン,2018/01/01,,,500000,99,対象外,0,,500000,1,新品,SSKM0001,科目0001,,,STBS0001,設置場所0001,SKS0001,申告先0001,1,台,,,40,均等償却（繰延資産）,5,,,,,0,0,0,,0,60,0,0,0,500000,0,0,22,定率法（200%）,5,0.4,0.108,,0.5,1,0,1,,0,0,0,0,1,0,0,0,0,,0,,,,,0,0,0,,0,0,0,0,0,0,0,0,0,,false,0,0,,0,,,,,,,,,,,,,,,,,,,,,,,,,2018/01/01,,2023/02/15 22:22:43,Lily test14
733,1,20,事業供用開始,20,事業供用中（償却中）,start_usage178,パソコン,2018/01/01,,,500000,99,対象外,0,,500000,1,新品,SSKM0001,科目0001,,,STBS0001,設置場所0001,SKS0001,申告先0001,1,台,,,40,均等償却（繰延資産）,5,,,,,0,0,0,,0,60,0,0,0,500000,0,0,22,定率法（200%）,5,0.4,0.108,,0.5,1,0,1,,0,0,0,0,1,0,0,0,0,,0,,,,,0,0,0,,0,0,0,0,0,0,0,0,0,,false,0,0,,0,,,,,,,,,,,,,,,,,,,,,,,,,2018/01/01,,2023/02/15 22:22:43,Lily test14
734,1,20,事業供用開始,20,事業供用中（償却中）,start_usage179,パソコン,2018/01/01,,,500000,99,対象外,0,,500000,1,新品,SSKM0001,科目0001,,,STBS0001,設置場所0001,SKS0001,申告先0001,1,台,,,40,均等償却（繰延資産）,5,,,,,0,0,0,,0,60,0,0,0,500000,0,0,22,定率法（200%）,5,0.4,0.108,,0.5,1,0,1,,0,0,0,0,1,0,0,0,0,,0,,,,,0,0,0,,0,0,0,0,0,0,0,0,0,,false,0,0,,0,,,,,,,,,,,,,,,,,,,,,,,,,2018/01/01,,2023/02/15 22:22:43,Lily test14
735,1,20,事業供用開始,20,事業供用中（償却中）,start_usage180,パソコン,2018/01/01,,,500000,99,対象外,0,,500000,1,新品,SSKM0001,科目0001,,,STBS0001,設置場所0001,SKS0001,申告先0001,1,台,,,40,均等償却（繰延資産）,5,,,,,0,0,0,,0,60,0,0,0,500000,0,0,22,定率法（200%）,5,0.4,0.108,,0.5,1,0,1,,0,0,0,0,1,0,0,0,0,,0,,,,,0,0,0,,0,0,0,0,0,0,0,0,0,,false,0,0,,0,,,,,,,,,,,,,,,,,,,,,,,,,2018/01/01,,2023/02/15 22:22:43,Lily test14
736,1,20,事業供用開始,20,事業供用中（償却中）,start_usage181,パソコン,2018/01/01,,,500000,99,対象外,0,,500000,1,新品,SSKM0001,科目0001,,,STBS0001,設置場所0001,SKS0001,申告先0001,1,台,,,50,利用期間均等（月）,0,,,,,0,0,0,,0,60,0,0,0,500000,0,0,22,定率法（200%）,5,0.4,0.108,,0.5,1,0,1,,0,0,0,0,1,0,0,0,0,,0,,,,,0,0,0,,0,0,0,0,0,0,0,0,0,,false,0,0,,0,,,,,,,,,,,,,,,,,,,,,,,,,2018/01/01,,2023/02/15 22:22:43,Lily test14
737,1,20,事業供用開始,20,事業供用中（償却中）,start_usage182,パソコン,2018/01/01,,,500000,99,対象外,0,,500000,1,新品,SSKM0001,科目0001,,,STBS0001,設置場所0001,SKS0001,申告先0001,1,台,,,50,利用期間均等（月）,0,,,,,0,0,0,,0,60,0,0,0,500000,0,0,22,定率法（200%）,5,0.4,0.108,,0.5,1,0,1,,0,0,0,0,1,0,0,0,0,,0,,,,,0,0,0,,0,0,0,0,0,0,0,0,0,,false,0,0,,0,,,,,,,,,,,,,,,,,,,,,,,,,2018/01/01,,2023/02/15 22:22:43,Lily test14
738,1,20,事業供用開始,20,事業供用中（償却中）,start_usage183,パソコン,2018/01/01,,,500000,99,対象外,0,,500000,1,新品,SSKM0001,科目0001,,,STBS0001,設置場所0001,SKS0001,申告先0001,1,台,,,50,利用期間均等（月）,0,,,,,0,0,0,,0,60,0,0,0,500000,0,0,22,定率法（200%）,5,0.4,0.108,,0.5,1,0,1,,0,0,0,0,1,0,0,0,0,,0,,,,,0,0,0,,0,0,0,0,0,0,0,0,0,,false,0,0,,0,,,,,,,,,,,,,,,,,,,,,,,,,2018/01/01,,2023/02/15 22:22:43,Lily test14
739,1,20,事業供用開始,20,事業供用中（償却中）,start_usage184,パソコン,2018/01/01,,,500000,99,対象外,0,,500000,1,新品,SSKM0001,科目0001,,,STBS0001,設置場所0001,SKS0001,申告先0001,1,台,,,50,利用期間均等（月）,0,,,,,0,0,0,,0,60,0,0,0,500000,0,0,22,定率法（200%）,5,0.4,0.108,,0.5,1,0,1,,0,0,0,0,1,0,0,0,0,,0,,,,,0,0,0,,0,0,0,0,0,0,0,0,0,,false,0,0,,0,,,,,,,,,,,,,,,,,,,,,,,,,2018/01/01,,2023/02/15 22:22:43,Lily test14
740,1,20,事業供用開始,20,事業供用中（償却中）,start_usage185,パソコン,2018/01/01,,,500000,99,対象外,0,,500000,1,新品,SSKM0001,科目0001,,,STBS0001,設置場所0001,SKS0001,申告先0001,1,台,,,50,利用期間均等（月）,0,,,,,0,0,0,,0,60,0,0,0,500000,0,0,22,定率法（200%）,5,0.4,0.108,,0.5,1,0,1,,0,0,0,0,1,0,0,0,0,,0,,,,,0,0,0,,0,0,0,0,0,0,0,0,0,,false,0,0,,0,,,,,,,,,,,,,,,,,,,,,,,,,2018/01/01,,2023/02/15 22:22:43,Lily test14
741,1,20,事業供用開始,20,事業供用中（償却中）,start_usage186,パソコン,2018/01/01,,,500000,99,対象外,0,,500000,1,新品,SSKM0001,科目0001,,,STBS0001,設置場所0001,SKS0001,申告先0001,1,台,,,50,利用期間均等（月）,0,,,,,0,0,0,,0,60,0,0,0,500000,0,0,22,定率法（200%）,5,0.4,0.108,,0.5,1,0,1,,0,0,0,0,1,0,0,0,0,,0,,,,,0,0,0,,0,0,0,0,0,0,0,0,0,,false,0,0,,0,,,,,,,,,,,,,,,,,,,,,,,,,2018/01/01,,2023/02/15 22:22:43,Lily test14
742,1,20,事業供用開始,20,事業供用中（償却中）,start_usage187,パソコン,2018/01/01,,,500000,99,対象外,0,,500000,1,新品,SSKM0001,科目0001,,,STBS0001,設置場所0001,SKS0001,申告先0001,1,台,,,50,利用期間均等（月）,0,,,,,0,0,0,,0,60,0,0,0,500000,0,0,22,定率法（200%）,5,0.4,0.108,,0.5,1,0,1,,0,0,0,0,1,0,0,0,0,,0,,,,,0,0,0,,0,0,0,0,0,0,0,0,0,,false,0,0,,0,,,,,,,,,,,,,,,,,,,,,,,,,2018/01/01,,2023/02/15 22:22:43,Lily test14
743,1,20,事業供用開始,20,事業供用中（償却中）,start_usage188,パソコン,2018/01/01,,,500000,99,対象外,0,,500000,1,新品,SSKM0001,科目0001,,,STBS0001,設置場所0001,SKS0001,申告先0001,1,台,,,50,利用期間均等（月）,0,,,,,0,0,0,,0,60,0,0,0,500000,0,0,22,定率法（200%）,5,0.4,0.108,,0.5,1,0,1,,0,0,0,0,1,0,0,0,0,,0,,,,,0,0,0,,0,0,0,0,0,0,0,0,0,,false,0,0,,0,,,,,,,,,,,,,,,,,,,,,,,,,2018/01/01,,2023/02/15 22:22:43,Lily test14
744,1,20,事業供用開始,20,事業供用中（償却中）,start_usage189,パソコン,2018/01/01,,,500000,99,対象外,0,,500000,1,新品,SSKM0001,科目0001,,,STBS0001,設置場所0001,SKS0001,申告先0001,1,台,,,50,利用期間均等（月）,0,,,,,0,0,0,,0,60,0,0,0,500000,0,0,22,定率法（200%）,5,0.4,0.108,,0.5,1,0,1,,0,0,0,0,1,0,0,0,0,,0,,,,,0,0,0,,0,0,0,0,0,0,0,0,0,,false,0,0,,0,,,,,,,,,,,,,,,,,,,,,,,,,2018/01/01,,2023/02/15 22:22:43,Lily test14
745,1,20,事業供用開始,20,事業供用中（償却中）,start_usage190,パソコン,2018/01/01,,,500000,99,対象外,0,,500000,1,新品,SSKM0001,科目0001,,,STBS0001,設置場所0001,SKS0001,申告先0001,1,台,,,50,利用期間均等（月）,0,,,,,0,0,0,,0,60,0,0,0,500000,0,0,22,定率法（200%）,5,0.4,0.108,,0.5,1,0,1,,0,0,0,0,1,0,0,0,0,,0,,,,,0,0,0,,0,0,0,0,0,0,0,0,0,,false,0,0,,0,,,,,,,,,,,,,,,,,,,,,,,,,2018/01/01,,2023/02/15 22:22:43,Lily test14
746,1,20,事業供用開始,20,事業供用中（償却中）,start_usage191,パソコン,2018/01/01,,,500000,99,対象外,0,,500000,1,新品,SSKM0001,科目0001,,,STBS0001,設置場所0001,SKS0001,申告先0001,1,台,,,50,利用期間均等（月）,0,,,,,0,0,0,,0,60,0,0,0,500000,0,0,22,定率法（200%）,5,0.4,0.108,,0.5,1,0,1,,0,0,0,0,1,0,0,0,0,,0,,,,,0,0,0,,0,0,0,0,0,0,0,0,0,,false,0,0,,0,,,,,,,,,,,,,,,,,,,,,,,,,2018/01/01,,2023/02/15 22:22:43,Lily test14
747,1,20,事業供用開始,20,事業供用中（償却中）,start_usage192,パソコン,2018/01/01,,,500000,99,対象外,0,,500000,1,新品,SSKM0001,科目0001,,,STBS0001,設置場所0001,SKS0001,申告先0001,1,台,,,50,利用期間均等（月）,0,,,,,0,0,0,,0,60,0,0,0,500000,0,0,22,定率法（200%）,5,0.4,0.108,,0.5,1,0,1,,0,0,0,0,1,0,0,0,0,,0,,,,,0,0,0,,0,0,0,0,0,0,0,0,0,,false,0,0,,0,,,,,,,,,,,,,,,,,,,,,,,,,2018/01/01,,2023/02/15 22:22:43,Lily test14
748,1,20,事業供用開始,20,事業供用中（償却中）,start_usage193,パソコン,2018/01/01,,,500000,99,対象外,0,,500000,1,新品,SSKM0001,科目0001,,,STBS0001,設置場所0001,SKS0001,申告先0001,1,台,,,50,利用期間均等（月）,0,,,,,0,0,0,,0,60,0,0,0,500000,0,0,22,定率法（200%）,5,0.4,0.108,,0.5,1,0,1,,0,0,0,0,1,0,0,0,0,,0,,,,,0,0,0,,0,0,0,0,0,0,0,0,0,,false,0,0,,0,,,,,,,,,,,,,,,,,,,,,,,,,2018/01/01,,2023/02/15 22:22:43,Lily test14
749,1,20,事業供用開始,20,事業供用中（償却中）,start_usage194,パソコン,2018/01/01,,,500000,99,対象外,0,,500000,1,新品,SSKM0001,科目0001,,,STBS0001,設置場所0001,SKS0001,申告先0001,1,台,,,50,利用期間均等（月）,0,,,,,0,0,0,,0,60,0,0,0,500000,0,0,22,定率法（200%）,5,0.4,0.108,,0.5,1,0,1,,0,0,0,0,1,0,0,0,0,,0,,,,,0,0,0,,0,0,0,0,0,0,0,0,0,,false,0,0,,0,,,,,,,,,,,,,,,,,,,,,,,,,2018/01/01,,2023/02/15 22:22:43,Lily test14
750,1,20,事業供用開始,20,事業供用中（償却中）,start_usage195,パソコン,2018/01/01,,,500000,99,対象外,0,,500000,1,新品,SSKM0001,科目0001,,,STBS0001,設置場所0001,SKS0001,申告先0001,1,台,,,50,利用期間均等（月）,0,,,,,0,0,0,,0,60,0,0,0,500000,0,0,22,定率法（200%）,5,0.4,0.108,,0.5,1,0,1,,0,0,0,0,1,0,0,0,0,,0,,,,,0,0,0,,0,0,0,0,0,0,0,0,0,,false,0,0,,0,,,,,,,,,,,,,,,,,,,,,,,,,2018/01/01,,2023/02/15 22:22:43,Lily test14
751,1,20,事業供用開始,20,事業供用中（償却中）,start_usage196,パソコン,2018/01/01,,,500000,99,対象外,0,,500000,1,新品,SSKM0001,科目0001,,,STBS0001,設置場所0001,SKS0001,申告先0001,1,台,,,60,リース期間定額法,0,,,,,0,0,0,,0,60,0,0,0,500000,0,0,60,リース期間定額法,0,,,,,0,0,0,,0,60,0,0,0,0,0,0,0,,0,,,,,0,0,0,,0,0,0,0,0,0,0,0,0,,false,0,0,,0,,,,,,,,,,,,,,,,,,,,,,,,,2018/01/01,,2023/02/15 22:22:43,Lily test14
752,1,20,事業供用開始,20,事業供用中（償却中）,start_usage197,パソコン,2018/01/01,,,500000,99,対象外,0,,500000,1,新品,SSKM0001,科目0001,,,STBS0001,設置場所0001,SKS0001,申告先0001,1,台,,,60,リース期間定額法,0,,,,,0,0,0,,0,60,0,0,0,500000,0,0,60,リース期間定額法,0,,,,,0,0,0,,0,60,0,0,0,0,0,0,0,,0,,,,,0,0,0,,0,0,0,0,0,0,0,0,0,,false,0,0,,0,,,,,,,,,,,,,,,,,,,,,,,,,2018/01/01,,2023/02/15 22:22:43,Lily test14
753,1,20,事業供用開始,20,事業供用中（償却中）,start_usage198,パソコン,2018/01/01,,,500000,99,対象外,0,,500000,1,新品,SSKM0001,科目0001,,,STBS0001,設置場所0001,SKS0001,申告先0001,1,台,,,60,リース期間定額法,0,,,,,0,0,0,,0,60,0,0,0,500000,0,0,60,リース期間定額法,0,,,,,0,0,0,,0,60,0,0,0,0,0,0,0,,0,,,,,0,0,0,,0,0,0,0,0,0,0,0,0,,false,0,0,,0,,,,,,,,,,,,,,,,,,,,,,,,,2018/01/01,,2023/02/15 22:22:43,Lily test14
754,1,20,事業供用開始,20,事業供用中（償却中）,start_usage199,パソコン,2018/01/01,,,500000,99,対象外,0,,500000,1,新品,SSKM0001,科目0001,,,STBS0001,設置場所0001,SKS0001,申告先0001,1,台,,,60,リース期間定額法,0,,,,,0,0,0,,0,60,0,0,0,500000,0,0,60,リース期間定額法,0,,,,,0,0,0,,0,60,0,0,0,0,0,0,0,,0,,,,,0,0,0,,0,0,0,0,0,0,0,0,0,,false,0,0,,0,,,,,,,,,,,,,,,,,,,,,,,,,2018/01/01,,2023/02/15 22:22:43,Lily test14
755,1,20,事業供用開始,20,事業供用中（償却中）,start_usage200,パソコン,2018/01/01,,,500000,99,対象外,0,,500000,1,新品,SSKM0001,科目0001,,,STBS0001,設置場所0001,SKS0001,申告先0001,1,台,,,60,リース期間定額法,0,,,,,0,0,0,,0,60,0,0,0,500000,0,0,60,リース期間定額法,0,,,,,0,0,0,,0,60,0,0,0,0,0,0,0,,0,,,,,0,0,0,,0,0,0,0,0,0,0,0,0,,false,0,0,,0,,,,,,,,,,,,,,,,,,,,,,,,,2018/01/01,,2023/02/15 22:22:43,Lily test14
756,1,20,事業供用開始,20,事業供用中（償却中）,start_usage201,パソコン,2018/01/01,,,500000,99,対象外,0,,500000,1,新品,SSKM0001,科目0001,,,STBS0001,設置場所0001,SKS0001,申告先0001,1,台,,,60,リース期間定額法,0,,,,,0,0,0,,0,60,0,0,0,500000,0,0,60,リース期間定額法,0,,,,,0,0,0,,0,60,0,0,0,0,0,0,0,,0,,,,,0,0,0,,0,0,0,0,0,0,0,0,0,,false,0,0,,0,,,,,,,,,,,,,,,,,,,,,,,,,2018/01/01,,2023/02/15 22:22:43,Lily test14
757,1,20,事業供用開始,20,事業供用中（償却中）,start_usage202,パソコン,2018/01/01,,,500000,99,対象外,0,,500000,1,新品,SSKM0001,科目0001,,,STBS0001,設置場所0001,SKS0001,申告先0001,1,台,,,60,リース期間定額法,0,,,,,0,0,0,,0,60,0,0,0,500000,0,0,60,リース期間定額法,0,,,,,0,0,0,,0,60,0,0,0,0,0,0,0,,0,,,,,0,0,0,,0,0,0,0,0,0,0,0,0,,false,0,0,,0,,,,,,,,,,,,,,,,,,,,,,,,,2018/01/01,,2023/02/15 22:22:43,Lily test14
758,1,20,事業供用開始,20,事業供用中（償却中）,start_usage203,パソコン,2018/01/01,,,500000,99,対象外,0,,500000,1,新品,SSKM0001,科目0001,,,STBS0001,設置場所0001,SKS0001,申告先0001,1,台,,,60,リース期間定額法,0,,,,,0,0,0,,0,60,0,0,0,500000,0,0,60,リース期間定額法,0,,,,,0,0,0,,0,60,0,0,0,0,0,0,0,,0,,,,,0,0,0,,0,0,0,0,0,0,0,0,0,,false,0,0,,0,,,,,,,,,,,,,,,,,,,,,,,,,2018/01/01,,2023/02/15 22:22:43,Lily test14
759,1,20,事業供用開始,20,事業供用中（償却中）,start_usage204,パソコン,2018/01/01,,,500000,99,対象外,0,,500000,1,新品,SSKM0001,科目0001,,,STBS0001,設置場所0001,SKS0001,申告先0001,1,台,,,60,リース期間定額法,0,,,,,0,0,0,,0,60,0,0,0,500000,0,0,60,リース期間定額法,0,,,,,0,0,0,,0,60,0,0,0,0,0,0,0,,0,,,,,0,0,0,,0,0,0,0,0,0,0,0,0,,false,0,0,,0,,,,,,,,,,,,,,,,,,,,,,,,,2018/01/01,,2023/02/15 22:22:43,Lily test14
760,1,20,事業供用開始,20,事業供用中（償却中）,start_usage205,パソコン,2018/01/01,,,500000,99,対象外,0,,500000,1,新品,SSKM0001,科目0001,,,STBS0001,設置場所0001,SKS0001,申告先0001,1,台,,,60,リース期間定額法,0,,,,,0,0,0,,0,60,0,0,0,500000,0,0,60,リース期間定額法,0,,,,,0,0,0,,0,60,0,0,0,0,0,0,0,,0,,,,,0,0,0,,0,0,0,0,0,0,0,0,0,,false,0,0,,0,,,,,,,,,,,,,,,,,,,,,,,,,2018/01/01,,2023/02/15 22:22:43,Lily test14
761,1,20,事業供用開始,20,事業供用中（償却中）,start_usage206,パソコン,2018/01/01,,,500000,99,対象外,0,,500000,1,新品,SSKM0001,科目0001,,,STBS0001,設置場所0001,SKS0001,申告先0001,1,台,,,60,リース期間定額法,0,,,,,0,0,0,,0,60,0,0,0,500000,0,0,60,リース期間定額法,0,,,,,0,0,0,,0,60,0,0,0,0,0,0,0,,0,,,,,0,0,0,,0,0,0,0,0,0,0,0,0,,false,0,0,,0,,,,,,,,,,,,,,,,,,,,,,,,,2018/01/01,,2023/02/15 22:22:43,Lily test14
762,1,20,事業供用開始,20,事業供用中（償却中）,start_usage207,パソコン,2018/01/01,,,500000,99,対象外,0,,500000,1,新品,SSKM0001,科目0001,,,STBS0001,設置場所0001,SKS0001,申告先0001,1,台,,,60,リース期間定額法,0,,,,,0,0,0,,0,60,0,0,0,500000,0,0,60,リース期間定額法,0,,,,,0,0,0,,0,60,0,0,0,0,0,0,0,,0,,,,,0,0,0,,0,0,0,0,0,0,0,0,0,,false,0,0,,0,,,,,,,,,,,,,,,,,,,,,,,,,2018/01/01,,2023/02/15 22:22:43,Lily test14
763,1,20,事業供用開始,20,事業供用中（償却中）,start_usage208,パソコン,2018/01/01,,,500000,99,対象外,0,,500000,1,新品,SSKM0001,科目0001,,,STBS0001,設置場所0001,SKS0001,申告先0001,1,台,,,60,リース期間定額法,0,,,,,0,0,0,,0,60,0,0,0,500000,0,0,60,リース期間定額法,0,,,,,0,0,0,,0,60,0,0,0,0,0,0,0,,0,,,,,0,0,0,,0,0,0,0,0,0,0,0,0,,false,0,0,,0,,,,,,,,,,,,,,,,,,,,,,,,,2018/01/01,,2023/02/15 22:22:43,Lily test14
764,1,20,事業供用開始,20,事業供用中（償却中）,start_usage209,パソコン,2018/01/01,,,500000,99,対象外,0,,500000,1,新品,SSKM0001,科目0001,,,STBS0001,設置場所0001,SKS0001,申告先0001,1,台,,,60,リース期間定額法,0,,,,,0,0,0,,0,60,0,0,0,500000,0,0,60,リース期間定額法,0,,,,,0,0,0,,0,60,0,0,0,0,0,0,0,,0,,,,,0,0,0,,0,0,0,0,0,0,0,0,0,,false,0,0,,0,,,,,,,,,,,,,,,,,,,,,,,,,2018/01/01,,2023/02/15 22:22:43,Lily test14
765,1,20,事業供用開始,20,事業供用中（償却中）,start_usage210,パソコン,2018/01/01,,,500000,99,対象外,0,,500000,1,新品,SSKM0001,科目0001,,,STBS0001,設置場所0001,SKS0001,申告先0001,1,台,,,60,リース期間定額法,0,,,,,0,0,0,,0,60,0,0,0,500000,0,0,60,リース期間定額法,0,,,,,0,0,0,,0,60,0,0,0,0,0,0,0,,0,,,,,0,0,0,,0,0,0,0,0,0,0,0,0,,false,0,0,,0,,,,,,,,,,,,,,,,,,,,,,,,,2018/01/01,,2023/02/15 22:22:43,Lily test14
766,1,20,事業供用開始,20,事業供用中（償却中）,start_usage211,パソコン,2018/01/01,,,200000,99,対象外,0,,200000,1,新品,SSKM0001,科目0001,,,STBS0001,設置場所0001,SKS0001,申告先0001,1,台,,,80,少額減価償却資産,3,,,,,0,0,0,,0,0,0,0,0,200000,0,0,11,定額法,5,0.2,,,,1,0,1,,0,0,0,0,1,0,0,0,0,,0,,,,,0,0,0,,0,0,0,0,0,0,0,0,0,,false,0,0,,0,,,,,,,,,,,,,,,,,,,,,,,,,2018/01/01,,2023/02/15 22:22:43,Lily test14
767,1,20,事業供用開始,20,事業供用中（償却中）,start_usage212,パソコン,2018/01/01,,,200000,99,対象外,0,,200000,1,新品,SSKM0001,科目0001,,,STBS0001,設置場所0001,SKS0001,申告先0001,1,台,,,80,少額減価償却資産,3,,,,,0,0,0,,0,0,0,0,0,200000,0,0,11,定額法,5,0.2,,,,1,0,1,,0,0,0,0,1,0,0,0,0,,0,,,,,0,0,0,,0,0,0,0,0,0,0,0,0,,false,0,0,,0,,,,,,,,,,,,,,,,,,,,,,,,,2018/01/01,,2023/02/15 22:22:43,Lily test14
768,1,20,事業供用開始,20,事業供用中（償却中）,start_usage213,パソコン,2018/01/01,,,200000,99,対象外,0,,200000,1,新品,SSKM0001,科目0001,,,STBS0001,設置場所0001,SKS0001,申告先0001,1,台,,,80,少額減価償却資産,3,,,,,0,0,0,,0,0,0,0,0,200000,0,0,11,定額法,5,0.2,,,,1,0,1,,0,0,0,0,1,0,0,0,0,,0,,,,,0,0,0,,0,0,0,0,0,0,0,0,0,,false,0,0,,0,,,,,,,,,,,,,,,,,,,,,,,,,2018/01/01,,2023/02/15 22:22:43,Lily test14
769,1,20,事業供用開始,20,事業供用中（償却中）,start_usage214,パソコン,2018/01/01,,,200000,99,対象外,0,,200000,1,新品,SSKM0001,科目0001,,,STBS0001,設置場所0001,SKS0001,申告先0001,1,台,,,80,少額減価償却資産,3,,,,,0,0,0,,0,0,0,0,0,200000,0,0,11,定額法,5,0.2,,,,1,0,1,,0,0,0,0,1,0,0,0,0,,0,,,,,0,0,0,,0,0,0,0,0,0,0,0,0,,false,0,0,,0,,,,,,,,,,,,,,,,,,,,,,,,,2018/01/01,,2023/02/15 22:22:43,Lily test14
770,1,20,事業供用開始,20,事業供用中（償却中）,start_usage215,パソコン,2018/01/01,,,200000,99,対象外,0,,200000,1,新品,SSKM0001,科目0001,,,STBS0001,設置場所0001,SKS0001,申告先0001,1,台,,,80,少額減価償却資産,3,,,,,0,0,0,,0,0,0,0,0,200000,0,0,11,定額法,5,0.2,,,,1,0,1,,0,0,0,0,1,0,0,0,0,,0,,,,,0,0,0,,0,0,0,0,0,0,0,0,0,,false,0,0,,0,,,,,,,,,,,,,,,,,,,,,,,,,2018/01/01,,2023/02/15 22:22:43,Lily test14
771,1,20,事業供用開始,20,事業供用中（償却中）,start_usage216,パソコン,2018/01/01,,,200000,99,対象外,0,,200000,1,新品,SSKM0001,科目0001,,,STBS0001,設置場所0001,SKS0001,申告先0001,1,台,,,80,少額減価償却資産,3,,,,,0,0,0,,0,0,0,0,0,200000,0,0,11,定額法,5,0.2,,,,1,0,1,,0,0,0,0,1,0,0,0,0,,0,,,,,0,0,0,,0,0,0,0,0,0,0,0,0,,false,0,0,,0,,,,,,,,,,,,,,,,,,,,,,,,,2018/01/01,,2023/02/15 22:22:43,Lily test14
772,1,20,事業供用開始,20,事業供用中（償却中）,start_usage217,パソコン,2018/01/01,,,200000,99,対象外,0,,200000,1,新品,SSKM0001,科目0001,,,STBS0001,設置場所0001,SKS0001,申告先0001,1,台,,,80,少額減価償却資産,3,,,,,0,0,0,,0,0,0,0,0,200000,0,0,11,定額法,5,0.2,,,,1,0,1,,0,0,0,0,1,0,0,0,0,,0,,,,,0,0,0,,0,0,0,0,0,0,0,0,0,,false,0,0,,0,,,,,,,,,,,,,,,,,,,,,,,,,2018/01/01,,2023/02/15 22:22:43,Lily test14
773,1,20,事業供用開始,20,事業供用中（償却中）,start_usage218,パソコン,2018/01/01,,,200000,99,対象外,0,,200000,1,新品,SSKM0001,科目0001,,,STBS0001,設置場所0001,SKS0001,申告先0001,1,台,,,80,少額減価償却資産,3,,,,,0,0,0,,0,0,0,0,0,200000,0,0,11,定額法,5,0.2,,,,1,0,1,,0,0,0,0,1,0,0,0,0,,0,,,,,0,0,0,,0,0,0,0,0,0,0,0,0,,false,0,0,,0,,,,,,,,,,,,,,,,,,,,,,,,,2018/01/01,,2023/02/15 22:22:43,Lily test14
774,1,20,事業供用開始,20,事業供用中（償却中）,start_usage219,パソコン,2018/01/01,,,200000,99,対象外,0,,200000,1,新品,SSKM0001,科目0001,,,STBS0001,設置場所0001,SKS0001,申告先0001,1,台,,,80,少額減価償却資産,3,,,,,0,0,0,,0,0,0,0,0,200000,0,0,11,定額法,5,0.2,,,,1,0,1,,0,0,0,0,1,0,0,0,0,,0,,,,,0,0,0,,0,0,0,0,0,0,0,0,0,,false,0,0,,0,,,,,,,,,,,,,,,,,,,,,,,,,2018/01/01,,2023/02/15 22:22:43,Lily test14
775,1,20,事業供用開始,20,事業供用中（償却中）,start_usage220,パソコン,2018/01/01,,,200000,99,対象外,0,,200000,1,新品,SSKM0001,科目0001,,,STBS0001,設置場所0001,SKS0001,申告先0001,1,台,,,80,少額減価償却資産,3,,,,,0,0,0,,0,0,0,0,0,200000,0,0,11,定額法,5,0.2,,,,1,0,1,,0,0,0,0,1,0,0,0,0,,0,,,,,0,0,0,,0,0,0,0,0,0,0,0,0,,false,0,0,,0,,,,,,,,,,,,,,,,,,,,,,,,,2018/01/01,,2023/02/15 22:22:43,Lily test14
776,1,20,事業供用開始,20,事業供用中（償却中）,start_usage221,パソコン,2018/01/01,,,200000,99,対象外,0,,200000,1,新品,SSKM0001,科目0001,,,STBS0001,設置場所0001,SKS0001,申告先0001,1,台,,,80,少額減価償却資産,3,,,,,0,0,0,,0,0,0,0,0,200000,0,0,11,定額法,5,0.2,,,,1,0,1,,0,0,0,0,1,0,0,0,0,,0,,,,,0,0,0,,0,0,0,0,0,0,0,0,0,,false,0,0,,0,,,,,,,,,,,,,,,,,,,,,,,,,2018/01/01,,2023/02/15 22:22:43,Lily test14
777,1,20,事業供用開始,20,事業供用中（償却中）,start_usage222,パソコン,2018/01/01,,,200000,99,対象外,0,,200000,1,新品,SSKM0001,科目0001,,,STBS0001,設置場所0001,SKS0001,申告先0001,1,台,,,80,少額減価償却資産,3,,,,,0,0,0,,0,0,0,0,0,200000,0,0,11,定額法,5,0.2,,,,1,0,1,,0,0,0,0,1,0,0,0,0,,0,,,,,0,0,0,,0,0,0,0,0,0,0,0,0,,false,0,0,,0,,,,,,,,,,,,,,,,,,,,,,,,,2018/01/01,,2023/02/15 22:22:43,Lily test14
778,1,20,事業供用開始,20,事業供用中（償却中）,start_usage223,パソコン,2018/01/01,,,200000,99,対象外,0,,200000,1,新品,SSKM0001,科目0001,,,STBS0001,設置場所0001,SKS0001,申告先0001,1,台,,,80,少額減価償却資産,3,,,,,0,0,0,,0,0,0,0,0,200000,0,0,11,定額法,5,0.2,,,,1,0,1,,0,0,0,0,1,0,0,0,0,,0,,,,,0,0,0,,0,0,0,0,0,0,0,0,0,,false,0,0,,0,,,,,,,,,,,,,,,,,,,,,,,,,2018/01/01,,2023/02/15 22:22:43,Lily test14
779,1,20,事業供用開始,20,事業供用中（償却中）,start_usage224,パソコン,2018/01/01,,,200000,99,対象外,0,,200000,1,新品,SSKM0001,科目0001,,,STBS0001,設置場所0001,SKS0001,申告先0001,1,台,,,80,少額減価償却資産,3,,,,,0,0,0,,0,0,0,0,0,200000,0,0,11,定額法,5,0.2,,,,1,0,1,,0,0,0,0,1,0,0,0,0,,0,,,,,0,0,0,,0,0,0,0,0,0,0,0,0,,false,0,0,,0,,,,,,,,,,,,,,,,,,,,,,,,,2018/01/01,,2023/02/15 22:22:43,Lily test14
780,1,20,事業供用開始,20,事業供用中（償却中）,start_usage225,パソコン,2018/01/01,,,200000,99,対象外,0,,200000,1,新品,SSKM0001,科目0001,,,STBS0001,設置場所0001,SKS0001,申告先0001,1,台,,,80,少額減価償却資産,3,,,,,0,0,0,,0,0,0,0,0,200000,0,0,11,定額法,5,0.2,,,,1,0,1,,0,0,0,0,1,0,0,0,0,,0,,,,,0,0,0,,0,0,0,0,0,0,0,0,0,,false,0,0,,0,,,,,,,,,,,,,,,,,,,,,,,,,2018/01/01,,2023/02/15 22:22:43,Lily test14
781,1,20,事業供用開始,20,事業供用中（償却中）,start_usage226,パソコン,2018/01/01,,,500000,99,対象外,0,,500000,1,新品,SSKM0001,科目0001,,,STBS0001,設置場所0001,SKS0001,申告先0001,1,台,,,90,非償却資産,0,,,,,1,0,500000,,0,0,0,0,500000,0,0,0,11,定額法,5,0.2,,,,1,0,1,,0,0,0,0,1,0,0,0,0,,0,,,,,0,0,0,,0,0,0,0,0,0,0,0,0,,false,0,0,,0,,,,,,,,,,,,,,,,,,,,,,,,,2018/01/01,,2023/02/15 22:22:43,Lily test14
782,1,20,事業供用開始,20,事業供用中（償却中）,start_usage227,パソコン,2018/01/01,,,500000,99,対象外,0,,500000,1,新品,SSKM0001,科目0001,,,STBS0001,設置場所0001,SKS0001,申告先0001,1,台,,,90,非償却資産,0,,,,,1,0,500000,,0,0,0,0,500000,0,0,0,11,定額法,5,0.2,,,,1,0,1,,0,0,0,0,1,0,0,0,0,,0,,,,,0,0,0,,0,0,0,0,0,0,0,0,0,,false,0,0,,0,,,,,,,,,,,,,,,,,,,,,,,,,2018/01/01,,2023/02/15 22:22:43,Lily test14
783,1,20,事業供用開始,20,事業供用中（償却中）,start_usage228,パソコン,2018/01/01,,,500000,99,対象外,0,,500000,1,新品,SSKM0001,科目0001,,,STBS0001,設置場所0001,SKS0001,申告先0001,1,台,,,90,非償却資産,0,,,,,1,0,500000,,0,0,0,0,500000,0,0,0,11,定額法,5,0.2,,,,1,0,1,,0,0,0,0,1,0,0,0,0,,0,,,,,0,0,0,,0,0,0,0,0,0,0,0,0,,false,0,0,,0,,,,,,,,,,,,,,,,,,,,,,,,,2018/01/01,,2023/02/15 22:22:43,Lily test14
784,1,20,事業供用開始,20,事業供用中（償却中）,start_usage229,パソコン,2018/01/01,,,500000,99,対象外,0,,500000,1,新品,SSKM0001,科目0001,,,STBS0001,設置場所0001,SKS0001,申告先0001,1,台,,,90,非償却資産,0,,,,,1,0,500000,,0,0,0,0,500000,0,0,0,11,定額法,5,0.2,,,,1,0,1,,0,0,0,0,1,0,0,0,0,,0,,,,,0,0,0,,0,0,0,0,0,0,0,0,0,,false,0,0,,0,,,,,,,,,,,,,,,,,,,,,,,,,2018/01/01,,2023/02/15 22:22:43,Lily test14
785,1,20,事業供用開始,20,事業供用中（償却中）,start_usage230,パソコン,2018/01/01,,,500000,99,対象外,0,,500000,1,新品,SSKM0001,科目0001,,,STBS0001,設置場所0001,SKS0001,申告先0001,1,台,,,90,非償却資産,0,,,,,1,0,500000,,0,0,0,0,500000,0,0,0,11,定額法,5,0.2,,,,1,0,1,,0,0,0,0,1,0,0,0,0,,0,,,,,0,0,0,,0,0,0,0,0,0,0,0,0,,false,0,0,,0,,,,,,,,,,,,,,,,,,,,,,,,,2018/01/01,,2023/02/15 22:22:43,Lily test14
786,1,20,事業供用開始,20,事業供用中（償却中）,start_usage231,パソコン,2018/01/01,,,500000,99,対象外,0,,500000,1,新品,SSKM0001,科目0001,,,STBS0001,設置場所0001,SKS0001,申告先0001,1,台,,,90,非償却資産,0,,,,,1,0,500000,,0,0,0,0,500000,0,0,0,11,定額法,5,0.2,,,,1,0,1,,0,0,0,0,1,0,0,0,0,,0,,,,,0,0,0,,0,0,0,0,0,0,0,0,0,,false,0,0,,0,,,,,,,,,,,,,,,,,,,,,,,,,2018/01/01,,2023/02/15 22:22:43,Lily test14
787,1,20,事業供用開始,20,事業供用中（償却中）,start_usage232,パソコン,2018/01/01,,,500000,99,対象外,0,,500000,1,新品,SSKM0001,科目0001,,,STBS0001,設置場所0001,SKS0001,申告先0001,1,台,,,90,非償却資産,0,,,,,1,0,500000,,0,0,0,0,500000,0,0,0,11,定額法,5,0.2,,,,1,0,1,,0,0,0,0,1,0,0,0,0,,0,,,,,0,0,0,,0,0,0,0,0,0,0,0,0,,false,0,0,,0,,,,,,,,,,,,,,,,,,,,,,,,,2018/01/01,,2023/02/15 22:22:43,Lily test14
788,1,20,事業供用開始,20,事業供用中（償却中）,start_usage233,パソコン,2018/01/01,,,500000,99,対象外,0,,500000,1,新品,SSKM0001,科目0001,,,STBS0001,設置場所0001,SKS0001,申告先0001,1,台,,,90,非償却資産,0,,,,,1,0,500000,,0,0,0,0,500000,0,0,0,11,定額法,5,0.2,,,,1,0,1,,0,0,0,0,1,0,0,0,0,,0,,,,,0,0,0,,0,0,0,0,0,0,0,0,0,,false,0,0,,0,,,,,,,,,,,,,,,,,,,,,,,,,2018/01/01,,2023/02/15 22:22:43,Lily test14
789,1,20,事業供用開始,20,事業供用中（償却中）,start_usage234,パソコン,2018/01/01,,,500000,99,対象外,0,,500000,1,新品,SSKM0001,科目0001,,,STBS0001,設置場所0001,SKS0001,申告先0001,1,台,,,90,非償却資産,0,,,,,1,0,500000,,0,0,0,0,500000,0,0,0,11,定額法,5,0.2,,,,1,0,1,,0,0,0,0,1,0,0,0,0,,0,,,,,0,0,0,,0,0,0,0,0,0,0,0,0,,false,0,0,,0,,,,,,,,,,,,,,,,,,,,,,,,,2018/01/01,,2023/02/15 22:22:43,Lily test14
790,1,20,事業供用開始,20,事業供用中（償却中）,start_usage235,パソコン,2018/01/01,,,500000,99,対象外,0,,500000,1,新品,SSKM0001,科目0001,,,STBS0001,設置場所0001,SKS0001,申告先0001,1,台,,,90,非償却資産,0,,,,,1,0,500000,,0,0,0,0,500000,0,0,0,11,定額法,5,0.2,,,,1,0,1,,0,0,0,0,1,0,0,0,0,,0,,,,,0,0,0,,0,0,0,0,0,0,0,0,0,,false,0,0,,0,,,,,,,,,,,,,,,,,,,,,,,,,2018/01/01,,2023/02/15 22:22:43,Lily test14
791,1,20,事業供用開始,20,事業供用中（償却中）,start_usage236,パソコン,2018/01/01,,,500000,99,対象外,0,,500000,1,新品,SSKM0001,科目0001,,,STBS0001,設置場所0001,SKS0001,申告先0001,1,台,,,90,非償却資産,0,,,,,1,0,500000,,0,0,0,0,500000,0,0,0,11,定額法,5,0.2,,,,1,0,1,,0,0,0,0,1,0,0,0,0,,0,,,,,0,0,0,,0,0,0,0,0,0,0,0,0,,false,0,0,,0,,,,,,,,,,,,,,,,,,,,,,,,,2018/01/01,,2023/02/15 22:22:43,Lily test14
792,1,20,事業供用開始,20,事業供用中（償却中）,start_usage237,パソコン,2018/01/01,,,500000,99,対象外,0,,500000,1,新品,SSKM0001,科目0001,,,STBS0001,設置場所0001,SKS0001,申告先0001,1,台,,,90,非償却資産,0,,,,,1,0,500000,,0,0,0,0,500000,0,0,0,11,定額法,5,0.2,,,,1,0,1,,0,0,0,0,1,0,0,0,0,,0,,,,,0,0,0,,0,0,0,0,0,0,0,0,0,,false,0,0,,0,,,,,,,,,,,,,,,,,,,,,,,,,2018/01/01,,2023/02/15 22:22:43,Lily test14
793,1,20,事業供用開始,20,事業供用中（償却中）,start_usage238,パソコン,2018/01/01,,,500000,99,対象外,0,,500000,1,新品,SSKM0001,科目0001,,,STBS0001,設置場所0001,SKS0001,申告先0001,1,台,,,90,非償却資産,0,,,,,1,0,500000,,0,0,0,0,500000,0,0,0,11,定額法,5,0.2,,,,1,0,1,,0,0,0,0,1,0,0,0,0,,0,,,,,0,0,0,,0,0,0,0,0,0,0,0,0,,false,0,0,,0,,,,,,,,,,,,,,,,,,,,,,,,,2018/01/01,,2023/02/15 22:22:43,Lily test14
794,1,20,事業供用開始,20,事業供用中（償却中）,start_usage239,パソコン,2018/01/01,,,500000,99,対象外,0,,500000,1,新品,SSKM0001,科目0001,,,STBS0001,設置場所0001,SKS0001,申告先0001,1,台,,,90,非償却資産,0,,,,,1,0,500000,,0,0,0,0,500000,0,0,0,11,定額法,5,0.2,,,,1,0,1,,0,0,0,0,1,0,0,0,0,,0,,,,,0,0,0,,0,0,0,0,0,0,0,0,0,,false,0,0,,0,,,,,,,,,,,,,,,,,,,,,,,,,2018/01/01,,2023/02/15 22:22:43,Lily test14
795,1,20,事業供用開始,20,事業供用中（償却中）,start_usage240,パソコン,2018/01/01,,,500000,99,対象外,0,,500000,1,新品,SSKM0001,科目0001,,,STBS0001,設置場所0001,SKS0001,申告先0001,1,台,,,90,非償却資産,0,,,,,1,0,500000,,0,0,0,0,500000,0,0,0,11,定額法,5,0.2,,,,1,0,1,,0,0,0,0,1,0,0,0,0,,0,,,,,0,0,0,,0,0,0,0,0,0,0,0,0,,false,0,0,,0,,,,,,,,,,,,,,,,,,,,,,,,,2018/01/01,,2023/02/15 22:22:43,Lily test14
796,1,20,事業供用開始,20,事業供用中（償却中）,start_usage241,パソコン,2018/01/01,,,500000,99,対象外,0,,500000,1,新品,SSKM0001,科目0001,,,STBS0001,設置場所0001,SKS0001,申告先0001,1,台,,,99,対象外,0,,,,,0,0,0,0,0,0,0,0,0,0,0,0,22,定率法（200%）,5,0.4,0.108,,0.5,1,0,1,,0,0,0,0,1,0,0,0,0,,0,,,,,0,0,0,,0,0,0,0,0,0,0,0,0,,false,0,0,,0,,,,,,,,,,,,,,,,,,,,,,,,,2018/01/01,,2023/02/15 22:22:43,Lily test14
797,1,20,事業供用開始,20,事業供用中（償却中）,start_usage242,パソコン,2018/01/01,,,500000,99,対象外,0,,500000,1,新品,SSKM0001,科目0001,,,STBS0001,設置場所0001,SKS0001,申告先0001,1,台,,,99,対象外,0,,,,,0,0,0,0,0,0,0,0,0,0,0,0,22,定率法（200%）,5,0.4,0.108,,0.5,1,0,1,,0,0,0,0,1,0,0,0,0,,0,,,,,0,0,0,,0,0,0,0,0,0,0,0,0,,false,0,0,,0,,,,,,,,,,,,,,,,,,,,,,,,,2018/01/01,,2023/02/15 22:22:43,Lily test14
798,1,20,事業供用開始,20,事業供用中（償却中）,start_usage243,パソコン,2018/01/01,,,500000,99,対象外,0,,500000,1,新品,SSKM0001,科目0001,,,STBS0001,設置場所0001,SKS0001,申告先0001,1,台,,,99,対象外,0,,,,,0,0,0,0,0,0,0,0,0,0,0,0,22,定率法（200%）,5,0.4,0.108,,0.5,1,0,1,,0,0,0,0,1,0,0,0,0,,0,,,,,0,0,0,,0,0,0,0,0,0,0,0,0,,false,0,0,,0,,,,,,,,,,,,,,,,,,,,,,,,,2018/01/01,,2023/02/15 22:22:43,Lily test14
799,1,20,事業供用開始,20,事業供用中（償却中）,start_usage244,パソコン,2018/01/01,,,500000,99,対象外,0,,500000,1,新品,SSKM0001,科目0001,,,STBS0001,設置場所0001,SKS0001,申告先0001,1,台,,,99,対象外,0,,,,,0,0,0,0,0,0,0,0,0,0,0,0,22,定率法（200%）,5,0.4,0.108,,0.5,1,0,1,,0,0,0,0,1,0,0,0,0,,0,,,,,0,0,0,,0,0,0,0,0,0,0,0,0,,false,0,0,,0,,,,,,,,,,,,,,,,,,,,,,,,,2018/01/01,,2023/02/15 22:22:43,Lily test14
800,1,20,事業供用開始,20,事業供用中（償却中）,start_usage245,パソコン,2018/01/01,,,500000,99,対象外,0,,500000,1,新品,SSKM0001,科目0001,,,STBS0001,設置場所0001,SKS0001,申告先0001,1,台,,,99,対象外,0,,,,,0,0,0,0,0,0,0,0,0,0,0,0,22,定率法（200%）,5,0.4,0.108,,0.5,1,0,1,,0,0,0,0,1,0,0,0,0,,0,,,,,0,0,0,,0,0,0,0,0,0,0,0,0,,false,0,0,,0,,,,,,,,,,,,,,,,,,,,,,,,,2018/01/01,,2023/02/15 22:22:43,Lily test14
801,1,20,事業供用開始,20,事業供用中（償却中）,start_usage246,パソコン,2018/01/01,,,500000,99,対象外,0,,500000,1,新品,SSKM0001,科目0001,,,STBS0001,設置場所0001,SKS0001,申告先0001,1,台,,,99,対象外,0,,,,,0,0,0,0,0,0,0,0,0,0,0,0,22,定率法（200%）,5,0.4,0.108,,0.5,1,0,1,,0,0,0,0,1,0,0,0,0,,0,,,,,0,0,0,,0,0,0,0,0,0,0,0,0,,false,0,0,,0,,,,,,,,,,,,,,,,,,,,,,,,,2018/01/01,,2023/02/15 22:22:43,Lily test14
802,1,20,事業供用開始,20,事業供用中（償却中）,start_usage247,パソコン,2018/01/01,,,500000,99,対象外,0,,500000,1,新品,SSKM0001,科目0001,,,STBS0001,設置場所0001,SKS0001,申告先0001,1,台,,,99,対象外,0,,,,,0,0,0,0,0,0,0,0,0,0,0,0,22,定率法（200%）,5,0.4,0.108,,0.5,1,0,1,,0,0,0,0,1,0,0,0,0,,0,,,,,0,0,0,,0,0,0,0,0,0,0,0,0,,false,0,0,,0,,,,,,,,,,,,,,,,,,,,,,,,,2018/01/01,,2023/02/15 22:22:43,Lily test14
803,1,20,事業供用開始,20,事業供用中（償却中）,start_usage248,パソコン,2018/01/01,,,500000,99,対象外,0,,500000,1,新品,SSKM0001,科目0001,,,STBS0001,設置場所0001,SKS0001,申告先0001,1,台,,,99,対象外,0,,,,,0,0,0,0,0,0,0,0,0,0,0,0,22,定率法（200%）,5,0.4,0.108,,0.5,1,0,1,,0,0,0,0,1,0,0,0,0,,0,,,,,0,0,0,,0,0,0,0,0,0,0,0,0,,false,0,0,,0,,,,,,,,,,,,,,,,,,,,,,,,,2018/01/01,,2023/02/15 22:22:43,Lily test14
804,1,20,事業供用開始,20,事業供用中（償却中）,start_usage249,パソコン,2018/01/01,,,500000,99,対象外,0,,500000,1,新品,SSKM0001,科目0001,,,STBS0001,設置場所0001,SKS0001,申告先0001,1,台,,,99,対象外,0,,,,,0,0,0,0,0,0,0,0,0,0,0,0,22,定率法（200%）,5,0.4,0.108,,0.5,1,0,1,,0,0,0,0,1,0,0,0,0,,0,,,,,0,0,0,,0,0,0,0,0,0,0,0,0,,false,0,0,,0,,,,,,,,,,,,,,,,,,,,,,,,,2018/01/01,,2023/02/15 22:22:43,Lily test14
805,1,20,事業供用開始,20,事業供用中（償却中）,start_usage250,パソコン,2018/01/01,,,500000,99,対象外,0,,500000,1,新品,SSKM0001,科目0001,,,STBS0001,設置場所0001,SKS0001,申告先0001,1,台,,,99,対象外,0,,,,,0,0,0,0,0,0,0,0,0,0,0,0,22,定率法（200%）,5,0.4,0.108,,0.5,1,0,1,,0,0,0,0,1,0,0,0,0,,0,,,,,0,0,0,,0,0,0,0,0,0,0,0,0,,false,0,0,,0,,,,,,,,,,,,,,,,,,,,,,,,,2018/01/01,,2023/02/15 22:22:43,Lily test14
806,1,20,事業供用開始,20,事業供用中（償却中）,start_usage251,パソコン,2018/01/01,,,500000,99,対象外,0,,500000,1,新品,SSKM0001,科目0001,,,STBS0001,設置場所0001,SKS0001,申告先0001,1,台,,,99,対象外,0,,,,,0,0,0,0,0,0,0,0,0,0,0,0,22,定率法（200%）,5,0.4,0.108,,0.5,1,0,1,,0,0,0,0,1,0,0,0,0,,0,,,,,0,0,0,,0,0,0,0,0,0,0,0,0,,false,0,0,,0,,,,,,,,,,,,,,,,,,,,,,,,,2018/01/01,,2023/02/15 22:22:43,Lily test14
807,1,20,事業供用開始,20,事業供用中（償却中）,start_usage252,パソコン,2018/01/01,,,500000,99,対象外,0,,500000,1,新品,SSKM0001,科目0001,,,STBS0001,設置場所0001,SKS0001,申告先0001,1,台,,,99,対象外,0,,,,,0,0,0,0,0,0,0,0,0,0,0,0,22,定率法（200%）,5,0.4,0.108,,0.5,1,0,1,,0,0,0,0,1,0,0,0,0,,0,,,,,0,0,0,,0,0,0,0,0,0,0,0,0,,false,0,0,,0,,,,,,,,,,,,,,,,,,,,,,,,,2018/01/01,,2023/02/15 22:22:43,Lily test14
808,1,20,事業供用開始,20,事業供用中（償却中）,start_usage253,パソコン,2018/01/01,,,500000,99,対象外,0,,500000,1,新品,SSKM0001,科目0001,,,STBS0001,設置場所0001,SKS0001,申告先0001,1,台,,,99,対象外,0,,,,,0,0,0,0,0,0,0,0,0,0,0,0,22,定率法（200%）,5,0.4,0.108,,0.5,1,0,1,,0,0,0,0,1,0,0,0,0,,0,,,,,0,0,0,,0,0,0,0,0,0,0,0,0,,false,0,0,,0,,,,,,,,,,,,,,,,,,,,,,,,,2018/01/01,,2023/02/15 22:22:43,Lily test14
809,1,20,事業供用開始,20,事業供用中（償却中）,start_usage254,パソコン,2018/01/01,,,500000,99,対象外,0,,500000,1,新品,SSKM0001,科目0001,,,STBS0001,設置場所0001,SKS0001,申告先0001,1,台,,,99,対象外,0,,,,,0,0,0,0,0,0,0,0,0,0,0,0,22,定率法（200%）,5,0.4,0.108,,0.5,1,0,1,,0,0,0,0,1,0,0,0,0,,0,,,,,0,0,0,,0,0,0,0,0,0,0,0,0,,false,0,0,,0,,,,,,,,,,,,,,,,,,,,,,,,,2018/01/01,,2023/02/15 22:22:43,Lily test14
810,1,20,事業供用開始,20,事業供用中（償却中）,start_usage255,パソコン,2018/01/01,,,500000,99,対象外,0,,500000,1,新品,SSKM0001,科目0001,,,STBS0001,設置場所0001,SKS0001,申告先0001,1,台,,,99,対象外,0,,,,,0,0,0,0,0,0,0,0,0,0,0,0,22,定率法（200%）,5,0.4,0.108,,0.5,1,0,1,,0,0,0,0,1,0,0,0,0,,0,,,,,0,0,0,,0,0,0,0,0,0,0,0,0,,false,0,0,,0,,,,,,,,,,,,,,,,,,,,,,,,,2018/01/01,,2023/02/15 22:22:43,Lily test14
